shoulder,hip,height,torso,arm,leg,ratio,shoulder_h,hip_h,bmi
0.2,0.15,0.91,0.28,0.26,0.41,1.35,0.22,0.16,17.61
0.21,0.23,0.91,0.25,0.27,0.44,0.93,0.23,0.25,19.47
0.31,0.31,0.91,0.33,0.35,0.43,1.01,0.34,0.34,27.13
0.35,0.36,0.92,0.4,0.32,0.49,0.98,0.38,0.39,32.31
0.36,0.48,0.93,0.36,0.37,0.45,0.74,0.38,0.52,39.47
0.33,0.47,0.91,0.43,0.3,0.47,0.69,0.36,0.52,35.61
0.22,0.23,0.91,0.25,0.24,0.47,0.99,0.25,0.25,19.96
0.23,0.2,0.91,0.27,0.24,0.49,1.11,0.25,0.22,18.02
0.31,0.21,0.91,0.32,0.28,0.47,1.46,0.34,0.23,20.75
0.26,0.37,0.91,0.36,0.28,0.42,0.72,0.29,0.4,26.11
0.3,0.31,0.91,0.41,0.3,0.46,0.98,0.33,0.34,28.12
0.28,0.35,0.93,0.42,0.32,0.45,0.79,0.3,0.38,27.17
0.24,0.28,0.92,0.31,0.31,0.51,0.86,0.26,0.31,22.33
0.3,0.15,0.93,0.3,0.27,0.48,2.03,0.33,0.16,15.08
0.2,0.18,0.91,0.33,0.22,0.46,1.13,0.22,0.2,17.31
0.29,0.45,0.92,0.4,0.29,0.46,0.65,0.32,0.49,31.34
0.26,0.36,0.92,0.38,0.29,0.49,0.72,0.28,0.4,26.03
0.31,0.46,0.91,0.41,0.29,0.48,0.68,0.34,0.5,33.85
0.24,0.34,0.93,0.33,0.33,0.53,0.71,0.26,0.37,28.16
0.2,0.21,0.91,0.26,0.28,0.43,0.94,0.22,0.23,20.32
0.32,0.52,0.93,0.45,0.33,0.46,0.62,0.35,0.56,36.51
0.29,0.36,0.93,0.4,0.26,0.45,0.81,0.32,0.39,27.62
0.33,0.52,0.91,0.43,0.34,0.48,0.64,0.37,0.57,39.1
0.35,0.47,0.93,0.41,0.34,0.5,0.73,0.37,0.51,37.2
0.23,0.3,0.91,0.31,0.29,0.46,0.77,0.26,0.33,24.21
0.35,0.51,0.93,0.49,0.38,0.51,0.69,0.38,0.55,39.98
0.21,0.2,0.92,0.32,0.22,0.47,1.06,0.23,0.22,16.05
0.29,0.22,0.91,0.29,0.31,0.42,1.34,0.32,0.24,19.24
0.3,0.38,0.93,0.45,0.32,0.48,0.79,0.33,0.41,33.96
0.31,0.34,0.93,0.4,0.32,0.5,0.91,0.33,0.36,30.14
0.21,0.15,0.91,0.27,0.22,0.42,1.43,0.23,0.16,15.07
0.26,0.25,0.92,0.29,0.28,0.46,1.01,0.28,0.27,22.49
0.23,0.27,0.91,0.29,0.26,0.47,0.83,0.25,0.3,21.52
0.28,0.33,0.91,0.36,0.28,0.44,0.86,0.31,0.36,29.71
0.22,0.23,0.92,0.3,0.27,0.45,0.98,0.24,0.25,24.3
0.28,0.31,0.91,0.32,0.32,0.46,0.91,0.31,0.34,25.81
0.29,0.29,0.93,0.31,0.29,0.49,1.0,0.31,0.31,24.08
0.28,0.48,0.92,0.42,0.34,0.47,0.58,0.3,0.52,33.04
0.35,0.26,0.93,0.4,0.32,0.44,1.34,0.38,0.28,26.4
0.19,0.23,0.93,0.31,0.24,0.47,0.82,0.2,0.25,18.35
0.33,0.32,0.93,0.34,0.3,0.46,1.01,0.35,0.35,28.98
0.21,0.22,0.93,0.28,0.19,0.5,0.96,0.23,0.23,15.07
0.33,0.47,0.93,0.39,0.3,0.51,0.7,0.35,0.5,31.68
0.3,0.35,0.93,0.41,0.27,0.47,0.86,0.33,0.38,29.79
0.31,0.54,0.93,0.45,0.37,0.52,0.59,0.34,0.58,35.72
0.21,0.15,0.91,0.29,0.2,0.45,1.46,0.23,0.16,15.24
0.23,0.24,0.92,0.35,0.25,0.44,0.98,0.25,0.26,20.61
0.29,0.32,0.91,0.28,0.28,0.42,0.93,0.32,0.35,25.75
0.24,0.24,0.92,0.36,0.27,0.46,0.98,0.26,0.27,20.25
0.25,0.24,0.91,0.26,0.24,0.41,1.05,0.28,0.27,19.83
0.35,0.27,0.92,0.34,0.32,0.47,1.31,0.38,0.29,27.29
0.2,0.17,0.93,0.24,0.28,0.48,1.2,0.22,0.18,15.6
0.24,0.25,0.93,0.37,0.3,0.45,0.96,0.26,0.27,23.79
0.2,0.22,0.93,0.31,0.29,0.48,0.91,0.22,0.24,19.32
0.36,0.44,0.93,0.43,0.34,0.49,0.81,0.38,0.47,37.63
0.23,0.41,0.92,0.4,0.29,0.48,0.56,0.25,0.45,27.86
0.31,0.3,0.93,0.31,0.29,0.49,1.03,0.33,0.32,27.34
0.25,0.2,0.93,0.31,0.25,0.43,1.21,0.26,0.22,15.01
0.21,0.17,0.91,0.27,0.28,0.41,1.22,0.23,0.19,17.1
0.42,0.44,0.92,0.42,0.37,0.46,0.94,0.45,0.48,36.26
0.25,0.27,0.93,0.34,0.35,0.46,0.95,0.27,0.29,22.56
0.24,0.17,0.91,0.24,0.28,0.44,1.4,0.27,0.19,15.72
0.29,0.34,0.91,0.31,0.26,0.45,0.87,0.33,0.37,27.62
0.2,0.15,0.92,0.27,0.25,0.43,1.35,0.22,0.16,16.94
0.32,0.42,0.91,0.41,0.33,0.46,0.76,0.35,0.46,33.9
0.19,0.17,0.92,0.26,0.22,0.49,1.15,0.21,0.18,17.62
0.27,0.36,0.92,0.41,0.35,0.47,0.75,0.3,0.4,29.89
0.19,0.18,0.93,0.22,0.29,0.45,1.04,0.2,0.2,17.29
0.36,0.3,0.91,0.35,0.28,0.44,1.19,0.39,0.33,25.06
0.24,0.37,0.91,0.31,0.28,0.45,0.65,0.26,0.4,25.04
0.28,0.28,0.92,0.35,0.28,0.44,1.01,0.31,0.31,24.58
0.23,0.26,0.93,0.34,0.24,0.46,0.87,0.25,0.28,20.47
0.26,0.33,0.93,0.32,0.29,0.48,0.8,0.28,0.35,27.69
0.21,0.18,0.92,0.28,0.2,0.48,1.22,0.23,0.19,17.08
0.22,0.23,0.91,0.32,0.25,0.41,0.93,0.24,0.26,20.25
0.24,0.24,0.92,0.28,0.27,0.45,1.01,0.26,0.26,21.8
0.29,0.35,0.93,0.4,0.32,0.45,0.84,0.32,0.38,28.17
0.37,0.46,0.93,0.42,0.35,0.48,0.8,0.4,0.5,38.42
0.27,0.34,0.93,0.34,0.32,0.48,0.81,0.29,0.36,24.14
0.28,0.32,0.92,0.36,0.32,0.46,0.87,0.3,0.35,26.82
0.22,0.26,0.91,0.31,0.24,0.48,0.86,0.24,0.28,21.88
0.28,0.39,0.93,0.37,0.32,0.52,0.73,0.3,0.41,32.45
0.38,0.52,0.91,0.37,0.33,0.47,0.73,0.41,0.56,37.05
0.27,0.35,0.93,0.32,0.29,0.49,0.78,0.29,0.38,24.72
0.25,0.3,0.91,0.37,0.3,0.45,0.86,0.28,0.33,23.11
0.21,0.22,0.91,0.31,0.23,0.46,0.95,0.23,0.24,18.91
0.19,0.15,0.92,0.21,0.22,0.47,1.3,0.21,0.16,15.32
0.24,0.29,0.93,0.31,0.25,0.47,0.85,0.26,0.31,20.55
0.34,0.29,0.93,0.34,0.34,0.46,1.2,0.37,0.31,25.2
0.25,0.29,0.92,0.31,0.28,0.44,0.87,0.27,0.32,20.75
0.17,0.15,0.92,0.32,0.24,0.44,1.15,0.18,0.16,17.13
0.29,0.42,0.93,0.35,0.32,0.44,0.68,0.31,0.45,27.13
0.33,0.36,0.93,0.4,0.37,0.47,0.91,0.35,0.39,29.89
0.27,0.4,0.91,0.42,0.32,0.46,0.68,0.3,0.44,30.62
0.25,0.28,0.92,0.36,0.3,0.49,0.89,0.27,0.3,20.97
0.28,0.34,0.91,0.35,0.34,0.48,0.81,0.31,0.38,29.11
0.34,0.33,0.93,0.37,0.33,0.47,1.02,0.36,0.36,26.51
0.27,0.41,0.93,0.35,0.33,0.44,0.66,0.29,0.44,28.14
0.31,0.5,0.93,0.42,0.34,0.52,0.62,0.34,0.54,35.02
0.24,0.3,0.93,0.34,0.24,0.45,0.81,0.26,0.32,24.67
0.22,0.27,0.93,0.34,0.27,0.5,0.81,0.23,0.29,23.29
0.29,0.24,0.92,0.35,0.31,0.51,1.2,0.31,0.26,22.05
0.15,0.15,0.93,0.3,0.23,0.45,1.03,0.17,0.16,15.81
0.2,0.15,0.91,0.34,0.23,0.48,1.32,0.22,0.16,15.07
0.22,0.2,0.93,0.26,0.25,0.45,1.11,0.24,0.21,16.96
0.28,0.29,0.91,0.36,0.28,0.48,0.97,0.31,0.31,24.63
0.23,0.22,0.91,0.31,0.25,0.44,1.05,0.25,0.24,18.26
0.21,0.21,0.93,0.28,0.3,0.5,0.96,0.22,0.23,18.1
0.2,0.16,0.92,0.29,0.23,0.44,1.25,0.22,0.18,15.38
0.26,0.28,0.93,0.36,0.26,0.46,0.94,0.28,0.3,25.52
0.37,0.29,0.93,0.38,0.34,0.5,1.25,0.39,0.32,27.38
0.35,0.49,0.93,0.41,0.34,0.5,0.72,0.38,0.52,37.31
0.28,0.4,0.92,0.4,0.29,0.5,0.72,0.31,0.43,33.23
0.26,0.22,0.92,0.33,0.24,0.46,1.2,0.28,0.23,15.52
0.28,0.42,0.93,0.34,0.29,0.5,0.67,0.3,0.45,28.23
0.16,0.15,0.93,0.26,0.24,0.42,1.07,0.17,0.16,15.05
0.26,0.43,0.91,0.43,0.31,0.49,0.61,0.29,0.47,25.51
0.28,0.34,0.91,0.31,0.29,0.41,0.84,0.31,0.37,26.58
0.18,0.15,0.91,0.31,0.28,0.45,1.18,0.19,0.16,16.73
0.24,0.19,0.93,0.31,0.25,0.43,1.27,0.25,0.2,15.6
0.18,0.16,0.91,0.27,0.26,0.43,1.14,0.2,0.18,15.85
0.31,0.5,0.93,0.38,0.34,0.52,0.61,0.33,0.54,29.73
0.23,0.24,0.92,0.24,0.27,0.45,0.94,0.25,0.26,16.85
0.18,0.21,0.91,0.27,0.24,0.45,0.84,0.19,0.23,16.64
0.35,0.3,0.93,0.35,0.34,0.5,1.15,0.38,0.33,25.13
0.37,0.5,0.92,0.46,0.33,0.43,0.74,0.4,0.54,39.84
0.37,0.39,0.91,0.39,0.37,0.48,0.94,0.4,0.43,34.42
0.39,0.43,0.91,0.43,0.33,0.47,0.92,0.43,0.47,37.98
0.31,0.41,0.92,0.35,0.32,0.46,0.76,0.34,0.44,29.22
0.28,0.21,0.91,0.32,0.33,0.47,1.36,0.31,0.23,22.56
0.37,0.49,0.91,0.38,0.36,0.47,0.76,0.41,0.54,36.9
0.29,0.26,0.93,0.32,0.27,0.46,1.11,0.31,0.28,21.75
0.25,0.32,0.93,0.37,0.3,0.52,0.79,0.27,0.34,25.63
0.24,0.23,0.91,0.28,0.22,0.46,1.04,0.26,0.25,17.43
0.34,0.41,0.92,0.4,0.31,0.47,0.83,0.37,0.45,29.48
0.3,0.37,0.92,0.39,0.34,0.46,0.82,0.33,0.4,32.24
0.28,0.42,0.92,0.35,0.28,0.48,0.66,0.3,0.46,29.85
0.28,0.3,0.93,0.4,0.33,0.49,0.92,0.3,0.33,25.54
0.21,0.21,0.92,0.29,0.25,0.46,0.98,0.22,0.23,18.1
0.28,0.37,0.93,0.3,0.26,0.45,0.76,0.3,0.4,27.94
0.2,0.21,0.93,0.27,0.29,0.48,0.96,0.22,0.22,18.25
0.25,0.34,0.91,0.34,0.29,0.43,0.73,0.27,0.38,25.06
0.23,0.23,0.91,0.32,0.27,0.45,0.99,0.25,0.25,22.52
0.34,0.52,0.93,0.43,0.37,0.48,0.66,0.37,0.56,35.18
0.27,0.27,0.92,0.36,0.29,0.45,0.99,0.29,0.29,23.44
0.26,0.22,0.93,0.31,0.25,0.46,1.19,0.28,0.24,16.29
0.21,0.16,0.91,0.26,0.21,0.46,1.28,0.23,0.18,15.44
0.25,0.22,0.91,0.3,0.29,0.45,1.13,0.27,0.24,24.42
0.38,0.52,0.92,0.4,0.35,0.5,0.72,0.41,0.57,37.9
0.29,0.32,0.91,0.3,0.32,0.43,0.89,0.32,0.36,25.26
0.22,0.16,0.93,0.32,0.3,0.49,1.36,0.23,0.17,19.2
0.38,0.53,0.93,0.43,0.36,0.53,0.71,0.4,0.57,37.48
0.28,0.29,0.93,0.35,0.29,0.46,0.95,0.3,0.31,24.09
0.27,0.34,0.92,0.38,0.32,0.44,0.81,0.3,0.37,24.45
0.2,0.15,0.91,0.29,0.25,0.48,1.33,0.21,0.16,16.69
0.31,0.23,0.92,0.32,0.31,0.42,1.34,0.34,0.25,21.83
0.28,0.32,0.93,0.33,0.28,0.45,0.86,0.3,0.34,21.86
0.3,0.45,0.92,0.42,0.3,0.49,0.67,0.33,0.49,32.81
0.29,0.27,0.91,0.35,0.28,0.45,1.08,0.32,0.29,24.11
0.2,0.21,0.92,0.27,0.23,0.45,0.95,0.21,0.23,17.62
0.22,0.19,0.93,0.27,0.23,0.43,1.16,0.24,0.21,16.37
0.24,0.22,0.92,0.31,0.29,0.48,1.07,0.26,0.24,19.95
0.32,0.36,0.93,0.37,0.3,0.44,0.91,0.35,0.38,28.35
0.34,0.55,0.91,0.43,0.31,0.47,0.61,0.37,0.61,37.42
0.33,0.58,0.91,0.42,0.37,0.49,0.57,0.36,0.63,38.11
0.27,0.15,0.92,0.3,0.24,0.44,1.86,0.3,0.16,15.66
0.33,0.46,0.92,0.38,0.34,0.47,0.72,0.36,0.5,30.18
0.34,0.53,0.92,0.45,0.36,0.53,0.63,0.37,0.58,37.47
0.33,0.32,0.93,0.33,0.35,0.51,1.03,0.35,0.34,22.89
0.22,0.2,0.91,0.25,0.23,0.45,1.08,0.24,0.23,15.88
0.21,0.18,0.91,0.26,0.27,0.49,1.18,0.23,0.2,15.61
0.23,0.21,0.91,0.3,0.28,0.44,1.07,0.25,0.23,17.36
0.28,0.33,0.93,0.41,0.32,0.52,0.86,0.3,0.35,26.22
0.24,0.15,0.93,0.3,0.26,0.48,1.64,0.26,0.16,18.9
0.28,0.26,0.91,0.32,0.29,0.42,1.07,0.31,0.29,25.74
0.32,0.45,0.92,0.4,0.34,0.51,0.71,0.35,0.49,33.59
0.22,0.19,0.91,0.27,0.23,0.47,1.16,0.24,0.2,15.33
0.33,0.41,0.93,0.4,0.3,0.47,0.81,0.36,0.44,30.97
0.33,0.56,0.93,0.45,0.31,0.46,0.59,0.35,0.6,35.73
0.22,0.18,0.93,0.26,0.24,0.46,1.25,0.24,0.19,16.08
0.36,0.35,0.93,0.35,0.34,0.46,1.03,0.39,0.37,29.25
0.29,0.31,0.91,0.31,0.33,0.48,0.93,0.32,0.34,30.73
0.27,0.16,0.93,0.25,0.3,0.45,1.67,0.29,0.17,15.54
0.2,0.2,0.91,0.28,0.23,0.45,0.98,0.22,0.22,18.23
0.23,0.22,0.93,0.32,0.23,0.46,1.02,0.24,0.24,17.95
0.23,0.27,0.91,0.33,0.27,0.42,0.87,0.25,0.29,21.75
0.27,0.22,0.93,0.34,0.27,0.47,1.23,0.29,0.24,25.2
0.22,0.15,0.92,0.24,0.23,0.44,1.41,0.23,0.17,16.94
0.25,0.21,0.93,0.31,0.26,0.46,1.15,0.26,0.23,22.48
0.28,0.49,0.92,0.41,0.33,0.48,0.57,0.3,0.53,33.56
0.27,0.26,0.92,0.34,0.27,0.5,1.02,0.29,0.28,24.89
0.22,0.15,0.91,0.29,0.24,0.4,1.54,0.25,0.16,15.4
0.23,0.21,0.93,0.27,0.26,0.43,1.06,0.25,0.23,18.79
0.23,0.24,0.93,0.29,0.24,0.41,0.94,0.24,0.26,17.76
0.35,0.49,0.92,0.41,0.34,0.52,0.72,0.39,0.54,38.17
0.3,0.38,0.92,0.4,0.3,0.49,0.79,0.33,0.42,29.45
0.24,0.24,0.92,0.34,0.27,0.45,0.98,0.26,0.26,22.25
0.24,0.2,0.92,0.31,0.25,0.45,1.19,0.25,0.21,21.52
0.28,0.35,0.91,0.37,0.28,0.45,0.79,0.3,0.38,27.4
0.29,0.41,0.91,0.4,0.33,0.45,0.72,0.33,0.45,29.35
0.37,0.49,0.92,0.53,0.37,0.52,0.76,0.4,0.53,38.81
0.17,0.15,0.93,0.28,0.24,0.47,1.14,0.18,0.16,15.17
0.28,0.28,0.91,0.35,0.25,0.46,1.02,0.31,0.31,23.6
0.31,0.46,0.93,0.41,0.35,0.48,0.68,0.34,0.5,33.05
0.28,0.43,0.92,0.38,0.39,0.44,0.65,0.3,0.46,30.16
0.35,0.45,0.91,0.39,0.33,0.46,0.78,0.39,0.5,37.08
0.22,0.15,0.93,0.31,0.25,0.46,1.47,0.24,0.16,15.63
0.22,0.19,0.93,0.27,0.27,0.43,1.16,0.24,0.2,15.11
0.36,0.32,0.91,0.39,0.35,0.45,1.11,0.39,0.35,29.57
0.36,0.34,0.92,0.4,0.35,0.45,1.05,0.39,0.37,29.41
0.3,0.18,0.91,0.34,0.3,0.5,1.62,0.32,0.2,18.0
0.34,0.39,0.91,0.33,0.28,0.48,0.87,0.37,0.43,29.04
0.37,0.4,0.91,0.38,0.39,0.45,0.92,0.4,0.44,34.99
0.36,0.48,0.93,0.45,0.3,0.46,0.74,0.38,0.51,35.13
0.34,0.58,0.93,0.42,0.31,0.5,0.59,0.37,0.62,37.56
0.19,0.19,0.93,0.29,0.23,0.43,1.0,0.21,0.21,17.65
0.35,0.6,0.93,0.44,0.37,0.52,0.59,0.38,0.64,37.73
0.31,0.32,0.92,0.35,0.3,0.5,0.96,0.34,0.35,27.35
0.36,0.34,0.92,0.37,0.36,0.45,1.05,0.39,0.38,29.42
0.24,0.18,0.93,0.3,0.29,0.45,1.31,0.26,0.19,18.55
0.25,0.27,0.91,0.31,0.29,0.46,0.91,0.27,0.3,21.89
0.28,0.37,0.92,0.41,0.3,0.45,0.74,0.3,0.41,28.92
0.34,0.41,0.93,0.36,0.38,0.51,0.83,0.36,0.44,32.79
0.34,0.49,0.92,0.45,0.35,0.46,0.69,0.37,0.54,35.51
0.2,0.23,0.91,0.28,0.28,0.46,0.89,0.22,0.25,16.05
0.22,0.17,0.91,0.26,0.26,0.41,1.26,0.24,0.19,15.64
0.17,0.15,0.92,0.29,0.26,0.45,1.13,0.19,0.17,15.74
0.31,0.53,0.93,0.43,0.34,0.49,0.58,0.34,0.58,36.5
0.22,0.28,0.92,0.33,0.3,0.46,0.77,0.23,0.3,23.7
0.26,0.27,0.92,0.33,0.33,0.48,0.97,0.28,0.29,25.4
0.27,0.37,0.92,0.36,0.32,0.48,0.74,0.3,0.4,29.18
0.32,0.47,0.91,0.46,0.33,0.51,0.67,0.35,0.52,36.87
0.3,0.26,0.93,0.33,0.29,0.5,1.16,0.32,0.28,21.01
0.19,0.2,0.91,0.25,0.23,0.43,0.94,0.21,0.22,16.31
0.35,0.35,0.93,0.42,0.31,0.5,0.99,0.37,0.38,29.21
0.23,0.16,0.91,0.26,0.22,0.42,1.47,0.26,0.18,15.78
0.34,0.51,0.91,0.47,0.33,0.47,0.67,0.37,0.56,38.41
0.3,0.43,0.91,0.37,0.32,0.48,0.68,0.32,0.47,32.63
0.34,0.41,0.92,0.36,0.29,0.45,0.84,0.38,0.45,31.67
0.3,0.3,0.91,0.41,0.36,0.47,0.99,0.33,0.34,28.48
0.3,0.44,0.93,0.37,0.31,0.44,0.68,0.32,0.47,27.74
0.24,0.15,0.91,0.23,0.3,0.42,1.69,0.27,0.16,16.14
0.25,0.29,0.93,0.36,0.27,0.47,0.84,0.27,0.32,23.52
0.27,0.37,0.91,0.34,0.32,0.44,0.75,0.3,0.4,25.12
0.3,0.27,0.92,0.34,0.33,0.45,1.1,0.33,0.3,23.55
0.31,0.45,0.93,0.39,0.33,0.53,0.69,0.34,0.49,32.09
0.22,0.24,0.91,0.29,0.24,0.42,0.92,0.24,0.26,17.42
0.23,0.21,0.92,0.24,0.24,0.47,1.05,0.25,0.23,19.13
0.24,0.3,0.91,0.33,0.25,0.47,0.8,0.26,0.33,23.64
0.28,0.48,0.92,0.41,0.31,0.49,0.58,0.3,0.53,30.31
0.29,0.33,0.92,0.38,0.27,0.45,0.86,0.31,0.36,26.46
0.3,0.41,0.91,0.37,0.32,0.47,0.73,0.33,0.45,33.88
0.33,0.46,0.91,0.44,0.36,0.47,0.73,0.37,0.5,36.58
0.26,0.29,0.92,0.38,0.31,0.48,0.87,0.28,0.32,26.06
0.21,0.15,0.93,0.27,0.24,0.44,1.41,0.22,0.16,17.04
0.31,0.24,0.92,0.29,0.3,0.41,1.34,0.34,0.26,23.99
0.19,0.19,0.93,0.28,0.22,0.43,1.02,0.21,0.2,16.5
0.27,0.28,0.91,0.34,0.29,0.4,0.96,0.29,0.31,25.63
0.36,0.29,0.92,0.31,0.31,0.46,1.27,0.4,0.31,26.21
0.23,0.17,0.91,0.26,0.24,0.42,1.34,0.25,0.18,17.76
0.29,0.25,0.91,0.29,0.28,0.46,1.15,0.32,0.28,22.67
0.32,0.36,0.91,0.39,0.29,0.49,0.9,0.35,0.39,31.17
0.26,0.2,0.93,0.31,0.25,0.49,1.27,0.27,0.22,15.17
0.22,0.18,0.92,0.29,0.23,0.47,1.24,0.24,0.19,19.77
0.3,0.59,0.93,0.39,0.37,0.45,0.52,0.33,0.63,39.24
0.33,0.43,0.91,0.39,0.38,0.46,0.76,0.36,0.48,38.19
0.34,0.44,0.93,0.39,0.32,0.49,0.77,0.36,0.47,31.71
0.26,0.2,0.93,0.33,0.28,0.46,1.31,0.28,0.21,19.65
0.23,0.21,0.93,0.25,0.24,0.45,1.11,0.24,0.22,15.53
0.28,0.28,0.91,0.35,0.27,0.45,0.98,0.3,0.31,25.32
0.31,0.29,0.93,0.33,0.3,0.5,1.06,0.33,0.31,29.32
0.39,0.55,0.93,0.42,0.4,0.5,0.71,0.42,0.59,39.86
0.16,0.23,0.93,0.31,0.24,0.48,0.7,0.17,0.25,17.13
0.28,0.16,0.91,0.28,0.26,0.41,1.74,0.31,0.18,18.05
0.35,0.52,0.91,0.48,0.34,0.47,0.67,0.39,0.58,37.06
0.36,0.37,0.93,0.36,0.36,0.52,0.98,0.39,0.4,33.31
0.25,0.31,0.92,0.34,0.25,0.45,0.8,0.27,0.34,24.4
0.35,0.42,0.92,0.36,0.33,0.45,0.84,0.38,0.46,34.15
0.27,0.3,0.92,0.33,0.29,0.45,0.89,0.29,0.32,26.3
0.2,0.17,0.93,0.27,0.25,0.46,1.21,0.22,0.18,18.73
0.25,0.29,0.93,0.33,0.28,0.48,0.89,0.27,0.31,24.17
0.34,0.47,0.92,0.41,0.38,0.48,0.73,0.37,0.51,36.9
0.22,0.15,0.93,0.33,0.26,0.44,1.5,0.24,0.16,17.56
0.23,0.22,0.93,0.3,0.23,0.43,1.03,0.25,0.24,18.15
0.25,0.34,0.91,0.33,0.29,0.48,0.73,0.27,0.37,25.51
0.34,0.42,0.91,0.37,0.32,0.46,0.81,0.37,0.46,34.39
0.29,0.23,0.93,0.29,0.32,0.47,1.28,0.32,0.25,21.34
0.31,0.42,0.91,0.35,0.31,0.46,0.73,0.34,0.47,26.52
0.26,0.22,0.93,0.35,0.28,0.45,1.19,0.28,0.23,19.12
0.2,0.15,0.92,0.31,0.24,0.47,1.37,0.22,0.16,16.8
0.33,0.18,0.92,0.32,0.31,0.41,1.84,0.36,0.19,22.0
0.33,0.32,0.93,0.36,0.35,0.49,1.05,0.36,0.34,28.79
0.26,0.29,0.91,0.34,0.26,0.45,0.9,0.29,0.32,24.38
0.28,0.38,0.93,0.3,0.35,0.47,0.74,0.31,0.41,27.12
0.24,0.15,0.92,0.29,0.29,0.49,1.66,0.26,0.16,17.12
0.25,0.25,0.92,0.35,0.26,0.47,1.02,0.27,0.27,19.88
0.28,0.29,0.91,0.36,0.28,0.46,0.96,0.31,0.32,25.5
0.21,0.17,0.91,0.28,0.23,0.46,1.23,0.23,0.18,15.67
0.28,0.41,0.93,0.37,0.28,0.44,0.69,0.3,0.44,27.11
0.23,0.17,0.92,0.21,0.25,0.42,1.36,0.25,0.18,15.33
0.29,0.31,0.91,0.32,0.27,0.48,0.95,0.32,0.34,27.39
0.37,0.5,0.93,0.4,0.35,0.51,0.74,0.4,0.53,38.69
0.28,0.32,0.93,0.38,0.34,0.48,0.86,0.3,0.34,25.97
0.21,0.15,0.91,0.31,0.24,0.44,1.44,0.23,0.16,15.03
0.37,0.3,0.93,0.34,0.34,0.46,1.24,0.4,0.32,22.96
0.21,0.23,0.93,0.33,0.2,0.45,0.91,0.22,0.25,17.59
0.42,0.46,0.91,0.41,0.4,0.5,0.9,0.46,0.51,38.47
0.28,0.28,0.92,0.31,0.29,0.47,1.01,0.31,0.3,23.19
0.22,0.15,0.93,0.25,0.25,0.43,1.48,0.24,0.16,17.53
0.33,0.43,0.91,0.43,0.33,0.49,0.76,0.36,0.48,32.55
0.29,0.44,0.93,0.44,0.36,0.44,0.65,0.31,0.48,33.02
0.3,0.47,0.92,0.34,0.31,0.46,0.65,0.33,0.51,33.15
0.34,0.45,0.93,0.39,0.29,0.49,0.75,0.36,0.48,31.29
0.29,0.34,0.93,0.32,0.3,0.5,0.87,0.32,0.36,26.29
0.31,0.31,0.93,0.33,0.3,0.49,1.02,0.34,0.33,26.06
0.24,0.25,0.93,0.29,0.25,0.46,0.96,0.26,0.27,16.77
0.24,0.27,0.93,0.29,0.26,0.47,0.9,0.26,0.29,19.0
0.24,0.16,0.92,0.24,0.24,0.48,1.46,0.26,0.18,15.39
0.31,0.45,0.93,0.4,0.3,0.52,0.69,0.34,0.49,34.42
0.27,0.26,0.93,0.38,0.3,0.47,1.02,0.29,0.28,24.58
0.32,0.35,0.93,0.35,0.38,0.48,0.91,0.34,0.37,28.93
0.25,0.29,0.91,0.33,0.26,0.48,0.89,0.28,0.31,25.69
0.26,0.31,0.91,0.36,0.29,0.49,0.82,0.28,0.34,25.17
0.27,0.35,0.93,0.34,0.3,0.49,0.76,0.29,0.37,24.85
0.28,0.24,0.92,0.31,0.27,0.4,1.17,0.3,0.26,20.86
0.24,0.22,0.93,0.25,0.26,0.46,1.09,0.26,0.24,19.04
0.3,0.41,0.91,0.41,0.3,0.47,0.73,0.33,0.45,28.38
0.3,0.27,0.92,0.32,0.35,0.5,1.13,0.33,0.29,22.57
0.27,0.31,0.93,0.4,0.32,0.44,0.88,0.29,0.33,25.9
0.28,0.26,0.93,0.28,0.27,0.46,1.06,0.3,0.28,21.1
0.27,0.25,0.91,0.3,0.31,0.45,1.07,0.29,0.28,22.38
0.21,0.23,0.93,0.31,0.28,0.48,0.92,0.22,0.24,20.98
0.28,0.26,0.92,0.32,0.31,0.47,1.1,0.31,0.28,24.4
0.4,0.44,0.91,0.4,0.42,0.49,0.91,0.44,0.48,38.77
0.29,0.45,0.91,0.4,0.32,0.46,0.66,0.32,0.49,32.86
0.33,0.33,0.92,0.36,0.26,0.49,0.98,0.36,0.36,29.78
0.27,0.19,0.92,0.31,0.27,0.42,1.45,0.3,0.21,20.35
0.34,0.37,0.91,0.4,0.31,0.46,0.93,0.37,0.4,29.67
0.37,0.55,0.92,0.44,0.32,0.46,0.68,0.4,0.6,37.35
0.23,0.15,0.91,0.27,0.23,0.45,1.59,0.25,0.16,18.05
0.26,0.22,0.92,0.32,0.31,0.46,1.18,0.28,0.24,24.22
0.37,0.52,0.93,0.39,0.34,0.49,0.71,0.39,0.56,38.64
0.29,0.37,0.93,0.4,0.3,0.48,0.8,0.32,0.4,29.49
0.25,0.37,0.92,0.4,0.33,0.49,0.68,0.28,0.41,29.43
0.33,0.37,0.93,0.41,0.33,0.47,0.89,0.36,0.4,32.85
0.21,0.17,0.91,0.26,0.24,0.46,1.25,0.23,0.18,15.58
0.25,0.22,0.93,0.29,0.29,0.48,1.13,0.27,0.24,23.17
0.19,0.25,0.91,0.3,0.28,0.47,0.74,0.2,0.28,20.22
0.24,0.4,0.93,0.35,0.3,0.45,0.6,0.26,0.43,26.55
0.35,0.54,0.93,0.47,0.37,0.49,0.66,0.38,0.58,38.96
0.32,0.27,0.91,0.3,0.34,0.48,1.19,0.35,0.29,23.26
0.21,0.28,0.93,0.33,0.29,0.44,0.75,0.23,0.3,24.52
0.39,0.44,0.92,0.39,0.42,0.48,0.87,0.42,0.48,35.99
0.2,0.2,0.93,0.29,0.25,0.47,1.01,0.21,0.21,18.9
0.28,0.35,0.92,0.39,0.28,0.45,0.81,0.31,0.38,28.72
0.26,0.26,0.93,0.34,0.32,0.45,0.99,0.28,0.28,20.78
0.27,0.48,0.92,0.43,0.33,0.46,0.57,0.3,0.53,33.44
0.33,0.39,0.91,0.3,0.34,0.46,0.82,0.36,0.44,31.38
0.18,0.21,0.93,0.2,0.22,0.45,0.83,0.19,0.23,16.16
0.29,0.15,0.93,0.32,0.27,0.46,1.91,0.32,0.17,17.08
0.33,0.47,0.91,0.42,0.31,0.46,0.7,0.36,0.51,38.59
0.31,0.28,0.92,0.35,0.34,0.47,1.1,0.33,0.3,24.15
0.23,0.21,0.92,0.26,0.26,0.46,1.09,0.25,0.23,17.88
0.31,0.3,0.92,0.34,0.3,0.47,1.04,0.34,0.33,25.81
0.26,0.27,0.93,0.35,0.26,0.48,0.97,0.28,0.29,20.21
0.29,0.37,0.93,0.34,0.34,0.44,0.78,0.31,0.4,29.74
0.22,0.22,0.92,0.29,0.22,0.44,0.97,0.24,0.24,16.56
0.26,0.24,0.92,0.36,0.3,0.47,1.09,0.28,0.26,22.76
0.21,0.18,0.93,0.25,0.26,0.46,1.19,0.23,0.19,18.91
0.36,0.54,0.91,0.4,0.38,0.47,0.68,0.4,0.59,38.72
0.19,0.22,0.91,0.34,0.31,0.48,0.85,0.21,0.24,17.98
0.23,0.24,0.92,0.3,0.28,0.44,0.98,0.25,0.25,17.02
0.24,0.31,0.92,0.39,0.3,0.44,0.79,0.27,0.34,25.03
0.23,0.31,0.91,0.31,0.25,0.5,0.73,0.25,0.34,24.12
0.26,0.32,0.92,0.38,0.3,0.46,0.83,0.28,0.34,21.08
0.26,0.29,0.92,0.34,0.31,0.48,0.9,0.28,0.32,26.51
0.3,0.3,0.93,0.29,0.31,0.46,0.97,0.32,0.33,24.63
0.25,0.23,0.92,0.33,0.29,0.47,1.1,0.28,0.25,21.14
0.27,0.32,0.91,0.32,0.3,0.5,0.84,0.3,0.35,26.93
0.19,0.19,0.91,0.3,0.24,0.44,1.04,0.21,0.2,17.66
0.34,0.45,0.92,0.37,0.35,0.52,0.76,0.37,0.49,38.12
0.22,0.28,0.92,0.28,0.27,0.48,0.8,0.24,0.3,22.04
0.27,0.23,0.91,0.26,0.3,0.45,1.15,0.29,0.26,16.87
0.21,0.24,0.91,0.25,0.25,0.44,0.9,0.23,0.26,18.91
0.16,0.15,0.92,0.33,0.27,0.49,1.08,0.18,0.16,17.18
0.37,0.56,0.92,0.44,0.35,0.49,0.67,0.4,0.61,39.47
0.34,0.48,0.91,0.39,0.33,0.48,0.71,0.38,0.53,36.11
0.3,0.41,0.91,0.3,0.29,0.42,0.73,0.33,0.45,27.34
0.29,0.37,0.93,0.38,0.29,0.46,0.78,0.31,0.4,28.55
0.3,0.41,0.92,0.36,0.31,0.45,0.73,0.33,0.45,29.38
0.29,0.38,0.92,0.36,0.28,0.47,0.76,0.31,0.41,28.41
0.29,0.27,0.93,0.3,0.29,0.48,1.08,0.31,0.29,20.73
0.35,0.59,0.92,0.47,0.39,0.45,0.6,0.39,0.64,39.59
0.34,0.43,0.92,0.42,0.34,0.5,0.78,0.37,0.47,33.61
0.25,0.17,0.93,0.31,0.26,0.46,1.43,0.27,0.19,17.06
0.29,0.33,0.93,0.34,0.33,0.44,0.88,0.31,0.36,27.76
0.28,0.22,0.92,0.3,0.27,0.49,1.3,0.3,0.24,19.45
0.27,0.15,0.91,0.32,0.3,0.45,1.83,0.29,0.16,16.1
0.19,0.18,0.91,0.25,0.24,0.42,1.11,0.21,0.19,15.89
0.27,0.35,0.91,0.38,0.31,0.47,0.79,0.3,0.38,25.14
0.3,0.48,0.93,0.48,0.33,0.49,0.61,0.32,0.52,36.97
0.3,0.37,0.93,0.36,0.37,0.48,0.82,0.33,0.4,31.53
0.22,0.18,0.92,0.31,0.26,0.47,1.24,0.24,0.2,18.97
0.25,0.23,0.91,0.34,0.29,0.47,1.1,0.28,0.25,21.39
0.34,0.4,0.93,0.37,0.35,0.51,0.83,0.36,0.43,33.55
0.3,0.34,0.93,0.35,0.33,0.48,0.9,0.33,0.36,28.03
0.24,0.22,0.92,0.3,0.3,0.45,1.1,0.26,0.24,20.16
0.33,0.51,0.91,0.41,0.34,0.47,0.65,0.37,0.56,37.11
0.33,0.26,0.91,0.34,0.32,0.41,1.26,0.36,0.29,26.1
0.28,0.35,0.91,0.34,0.31,0.45,0.8,0.31,0.39,27.1
0.29,0.15,0.93,0.28,0.29,0.43,1.91,0.31,0.17,15.8
0.23,0.2,0.92,0.27,0.27,0.48,1.17,0.25,0.21,15.08
0.32,0.39,0.93,0.4,0.31,0.49,0.82,0.34,0.41,29.61
0.37,0.51,0.91,0.37,0.36,0.49,0.72,0.41,0.57,39.0
0.25,0.19,0.92,0.32,0.29,0.47,1.26,0.27,0.21,16.55
0.31,0.3,0.92,0.33,0.29,0.43,1.02,0.34,0.33,23.97
0.2,0.15,0.92,0.31,0.28,0.44,1.35,0.22,0.16,15.96
0.26,0.46,0.91,0.41,0.3,0.5,0.56,0.28,0.5,31.04
0.17,0.19,0.93,0.3,0.24,0.45,0.92,0.19,0.2,15.24
0.21,0.24,0.93,0.34,0.25,0.53,0.85,0.22,0.26,23.09
0.27,0.32,0.91,0.37,0.31,0.43,0.85,0.3,0.35,27.93
0.2,0.19,0.93,0.26,0.28,0.42,1.05,0.22,0.21,19.92
0.21,0.17,0.93,0.27,0.27,0.44,1.24,0.22,0.18,15.89
0.32,0.41,0.93,0.47,0.34,0.47,0.77,0.34,0.44,34.68
0.25,0.18,0.92,0.22,0.24,0.43,1.4,0.27,0.19,16.29
0.24,0.26,0.93,0.34,0.26,0.46,0.92,0.26,0.28,23.38
0.33,0.21,0.92,0.27,0.3,0.48,1.59,0.36,0.23,20.65
0.3,0.45,0.91,0.36,0.29,0.41,0.68,0.33,0.49,33.29
0.25,0.18,0.92,0.31,0.3,0.45,1.4,0.27,0.2,17.02
0.25,0.22,0.92,0.29,0.24,0.51,1.17,0.27,0.24,18.81
0.21,0.2,0.92,0.29,0.29,0.43,1.08,0.23,0.21,17.81
0.34,0.24,0.92,0.33,0.27,0.45,1.42,0.37,0.26,23.34
0.21,0.24,0.93,0.28,0.26,0.44,0.89,0.23,0.26,18.16
0.2,0.15,0.91,0.28,0.22,0.49,1.35,0.22,0.16,16.09
0.27,0.33,0.93,0.38,0.27,0.46,0.82,0.29,0.36,28.28
0.3,0.24,0.92,0.34,0.31,0.48,1.29,0.33,0.26,23.03
0.22,0.18,0.92,0.29,0.24,0.47,1.23,0.24,0.2,15.36
0.34,0.39,0.93,0.35,0.33,0.48,0.87,0.37,0.42,31.6
0.19,0.15,0.92,0.29,0.26,0.47,1.31,0.21,0.16,16.43
0.26,0.26,0.93,0.34,0.28,0.45,1.02,0.28,0.28,21.98
0.3,0.44,0.91,0.39,0.33,0.48,0.68,0.33,0.48,33.86
0.31,0.35,0.93,0.34,0.28,0.48,0.87,0.33,0.38,30.12
0.25,0.26,0.92,0.35,0.24,0.47,0.95,0.27,0.29,21.26
0.29,0.23,0.93,0.35,0.29,0.42,1.28,0.31,0.24,19.82
0.28,0.25,0.93,0.34,0.33,0.44,1.09,0.3,0.27,23.45
0.27,0.29,0.91,0.38,0.24,0.46,0.93,0.3,0.32,26.99
0.19,0.15,0.92,0.26,0.24,0.46,1.29,0.21,0.16,16.65
0.21,0.23,0.92,0.3,0.26,0.47,0.92,0.23,0.25,15.98
0.3,0.41,0.93,0.44,0.33,0.47,0.73,0.32,0.44,27.76
0.27,0.17,0.93,0.29,0.26,0.45,1.62,0.29,0.18,17.01
0.21,0.18,0.91,0.26,0.25,0.43,1.17,0.23,0.2,18.13
0.23,0.2,0.92,0.31,0.25,0.47,1.18,0.25,0.21,17.82
0.41,0.45,0.92,0.41,0.36,0.48,0.92,0.45,0.49,39.57
0.24,0.27,0.92,0.3,0.26,0.48,0.88,0.26,0.29,20.25
0.26,0.28,0.92,0.33,0.25,0.45,0.91,0.28,0.31,24.77
0.34,0.43,0.93,0.41,0.31,0.51,0.8,0.36,0.45,32.4
0.36,0.29,0.93,0.33,0.4,0.48,1.23,0.39,0.31,29.71
0.22,0.17,0.91,0.24,0.23,0.46,1.24,0.24,0.19,16.0
0.32,0.4,0.91,0.42,0.34,0.46,0.78,0.35,0.44,28.84
0.27,0.4,0.93,0.4,0.29,0.44,0.69,0.29,0.43,27.53
0.31,0.35,0.92,0.39,0.3,0.47,0.88,0.34,0.39,27.78
0.25,0.28,0.93,0.27,0.27,0.44,0.9,0.27,0.3,20.17
0.26,0.32,0.92,0.35,0.3,0.47,0.8,0.28,0.35,26.69
0.27,0.35,0.93,0.34,0.26,0.48,0.79,0.3,0.37,26.54
0.28,0.38,0.92,0.35,0.34,0.47,0.73,0.3,0.42,31.84
0.28,0.43,0.93,0.27,0.33,0.48,0.66,0.3,0.46,26.83
0.19,0.15,0.93,0.27,0.25,0.47,1.32,0.21,0.16,18.39
0.26,0.28,0.91,0.33,0.3,0.45,0.9,0.28,0.31,26.75
0.22,0.18,0.91,0.25,0.25,0.46,1.18,0.24,0.2,17.97
0.2,0.15,0.91,0.26,0.26,0.47,1.39,0.22,0.16,16.35
0.24,0.18,0.92,0.33,0.3,0.45,1.31,0.26,0.2,20.27
0.26,0.39,0.93,0.32,0.26,0.48,0.65,0.28,0.42,28.01
0.24,0.25,0.91,0.33,0.28,0.44,0.95,0.27,0.28,18.73
0.2,0.21,0.92,0.33,0.23,0.49,0.97,0.22,0.23,16.44
0.26,0.43,0.92,0.39,0.29,0.48,0.62,0.28,0.46,27.68
0.37,0.33,0.91,0.35,0.35,0.46,1.1,0.4,0.37,29.18
0.36,0.56,0.91,0.42,0.36,0.49,0.64,0.4,0.62,38.74
0.25,0.32,0.92,0.35,0.28,0.43,0.79,0.27,0.34,26.85
0.33,0.36,0.93,0.39,0.32,0.45,0.93,0.35,0.38,29.72
0.31,0.43,0.92,0.36,0.29,0.46,0.72,0.34,0.47,31.06
0.28,0.31,0.93,0.33,0.29,0.46,0.91,0.3,0.33,29.63
0.31,0.43,0.92,0.43,0.3,0.45,0.73,0.33,0.46,33.18
0.3,0.36,0.93,0.37,0.31,0.48,0.83,0.32,0.39,27.42
0.32,0.49,0.93,0.39,0.36,0.5,0.65,0.34,0.53,36.19
0.23,0.21,0.91,0.29,0.27,0.43,1.12,0.26,0.23,23.42
0.36,0.57,0.93,0.5,0.38,0.51,0.63,0.38,0.61,38.02
0.33,0.36,0.92,0.36,0.32,0.51,0.9,0.35,0.4,29.7
0.23,0.28,0.91,0.32,0.3,0.49,0.81,0.25,0.31,23.17
0.26,0.27,0.92,0.34,0.24,0.49,0.97,0.28,0.29,18.24
0.32,0.29,0.91,0.34,0.32,0.47,1.08,0.35,0.32,28.76
0.27,0.2,0.92,0.28,0.26,0.5,1.34,0.29,0.22,21.24
0.32,0.49,0.91,0.43,0.32,0.48,0.65,0.35,0.54,33.5
0.25,0.15,0.93,0.28,0.28,0.46,1.68,0.27,0.16,15.47
0.29,0.36,0.92,0.33,0.29,0.48,0.8,0.32,0.39,27.65
0.25,0.24,0.92,0.29,0.25,0.46,1.03,0.27,0.26,19.49
0.34,0.49,0.93,0.41,0.33,0.51,0.7,0.37,0.53,35.59
0.21,0.19,0.93,0.29,0.21,0.49,1.13,0.23,0.2,16.96
0.37,0.57,0.93,0.42,0.34,0.47,0.66,0.4,0.62,39.45
0.23,0.19,0.92,0.3,0.26,0.44,1.23,0.25,0.21,17.22
0.28,0.28,0.92,0.34,0.3,0.48,0.99,0.3,0.31,23.72
0.35,0.57,0.92,0.44,0.36,0.46,0.62,0.39,0.62,39.59
0.23,0.18,0.93,0.28,0.23,0.46,1.27,0.25,0.2,17.15
0.17,0.15,0.92,0.32,0.24,0.45,1.15,0.18,0.16,16.19
0.33,0.5,0.91,0.41,0.34,0.5,0.66,0.36,0.55,35.68
0.33,0.21,0.93,0.36,0.32,0.46,1.6,0.36,0.22,21.23
0.32,0.42,0.93,0.4,0.3,0.47,0.77,0.35,0.46,29.46
0.29,0.42,0.93,0.36,0.32,0.51,0.7,0.32,0.45,31.09
0.22,0.21,0.91,0.31,0.26,0.45,1.04,0.24,0.24,18.08
0.23,0.18,0.91,0.3,0.23,0.44,1.29,0.25,0.19,16.45
0.35,0.48,0.93,0.43,0.36,0.48,0.73,0.38,0.52,39.03
0.36,0.39,0.92,0.4,0.31,0.47,0.93,0.39,0.42,29.0
0.23,0.23,0.93,0.36,0.24,0.52,1.01,0.25,0.25,19.27
0.27,0.37,0.92,0.36,0.28,0.48,0.74,0.3,0.4,27.62
0.27,0.4,0.92,0.34,0.32,0.41,0.68,0.3,0.44,29.42
0.24,0.22,0.93,0.34,0.28,0.41,1.12,0.26,0.23,18.37
0.25,0.24,0.92,0.24,0.25,0.48,1.08,0.28,0.26,20.14
0.29,0.39,0.91,0.31,0.28,0.44,0.75,0.33,0.43,26.74
0.23,0.17,0.93,0.33,0.22,0.46,1.35,0.24,0.18,16.07
0.19,0.17,0.92,0.3,0.22,0.44,1.14,0.21,0.18,16.88
0.3,0.51,0.93,0.44,0.36,0.46,0.59,0.32,0.55,36.88
0.33,0.48,0.91,0.45,0.31,0.45,0.68,0.36,0.53,34.21
0.27,0.22,0.92,0.26,0.33,0.44,1.19,0.29,0.24,16.99
0.32,0.28,0.93,0.32,0.33,0.48,1.17,0.35,0.3,25.56
0.31,0.46,0.93,0.43,0.34,0.49,0.67,0.34,0.5,30.93
0.3,0.29,0.93,0.34,0.3,0.47,1.03,0.32,0.31,21.82
0.3,0.43,0.93,0.46,0.34,0.5,0.69,0.32,0.46,30.64
0.25,0.31,0.93,0.29,0.29,0.47,0.83,0.27,0.33,23.91
0.3,0.36,0.91,0.38,0.29,0.43,0.82,0.33,0.4,26.17
0.22,0.3,0.92,0.32,0.27,0.47,0.74,0.24,0.32,23.01
0.27,0.34,0.93,0.31,0.29,0.51,0.8,0.3,0.37,28.43
0.29,0.34,0.93,0.34,0.27,0.45,0.85,0.31,0.37,25.52
0.19,0.15,0.91,0.25,0.19,0.46,1.26,0.21,0.17,15.7
0.22,0.21,0.93,0.33,0.27,0.44,1.04,0.23,0.22,18.99
0.31,0.41,0.92,0.32,0.29,0.46,0.75,0.34,0.45,30.22
0.25,0.26,0.91,0.31,0.27,0.43,0.95,0.27,0.29,20.23
0.22,0.22,0.92,0.29,0.28,0.45,0.99,0.24,0.24,18.29
0.33,0.55,0.93,0.43,0.33,0.52,0.61,0.36,0.59,37.03
0.24,0.25,0.93,0.31,0.28,0.45,0.95,0.25,0.27,20.57
0.24,0.24,0.92,0.35,0.26,0.49,1.02,0.26,0.26,23.64
0.35,0.53,0.92,0.38,0.35,0.51,0.66,0.38,0.58,36.8
0.23,0.36,0.91,0.35,0.28,0.42,0.65,0.26,0.39,22.77
0.25,0.32,0.91,0.29,0.29,0.44,0.8,0.28,0.35,25.85
0.35,0.49,0.92,0.34,0.35,0.48,0.72,0.38,0.53,39.33
0.21,0.18,0.92,0.31,0.28,0.45,1.22,0.23,0.19,19.21
0.32,0.23,0.91,0.31,0.28,0.42,1.37,0.35,0.25,20.85
0.31,0.39,0.92,0.37,0.33,0.48,0.8,0.34,0.42,31.55
0.37,0.31,0.93,0.32,0.31,0.43,1.17,0.39,0.34,25.39
0.28,0.35,0.92,0.38,0.33,0.47,0.79,0.3,0.39,29.17
0.3,0.39,0.93,0.44,0.33,0.52,0.79,0.33,0.41,29.6
0.3,0.25,0.92,0.31,0.26,0.45,1.17,0.32,0.28,21.68
0.23,0.24,0.91,0.28,0.28,0.47,0.95,0.25,0.26,17.81
0.36,0.26,0.92,0.38,0.3,0.48,1.37,0.39,0.29,24.83
0.35,0.51,0.93,0.44,0.41,0.47,0.68,0.37,0.55,34.89
0.22,0.17,0.93,0.3,0.27,0.47,1.3,0.24,0.18,17.25
0.2,0.23,0.91,0.28,0.31,0.45,0.87,0.22,0.25,20.94
0.26,0.33,0.93,0.39,0.28,0.48,0.79,0.28,0.36,28.53
0.32,0.34,0.93,0.31,0.29,0.5,0.97,0.35,0.36,27.76
0.2,0.21,0.93,0.3,0.26,0.46,0.95,0.22,0.23,16.55
0.39,0.4,0.91,0.35,0.39,0.46,0.98,0.43,0.44,33.46
0.3,0.41,0.92,0.42,0.35,0.47,0.73,0.32,0.44,29.15
0.28,0.31,0.93,0.32,0.28,0.47,0.9,0.3,0.33,24.42
0.23,0.15,0.93,0.29,0.24,0.47,1.53,0.24,0.16,17.12
0.21,0.18,0.92,0.3,0.26,0.44,1.15,0.23,0.2,20.08
0.24,0.26,0.93,0.27,0.28,0.45,0.91,0.26,0.28,19.58
0.32,0.49,0.91,0.4,0.35,0.49,0.65,0.35,0.54,37.56
0.28,0.34,0.91,0.35,0.32,0.47,0.83,0.31,0.37,29.4
0.34,0.29,0.93,0.38,0.34,0.47,1.15,0.37,0.32,26.74
0.19,0.17,0.93,0.3,0.23,0.44,1.12,0.21,0.19,16.9
0.17,0.15,0.92,0.29,0.27,0.47,1.16,0.19,0.16,17.77
0.22,0.26,0.92,0.32,0.28,0.45,0.85,0.24,0.28,23.11
0.26,0.34,0.91,0.36,0.29,0.45,0.78,0.29,0.37,23.08
0.24,0.19,0.92,0.32,0.23,0.44,1.25,0.27,0.21,16.65
0.34,0.53,0.93,0.41,0.35,0.48,0.65,0.37,0.56,36.71
0.26,0.26,0.92,0.3,0.27,0.48,0.99,0.28,0.28,23.6
0.36,0.44,0.91,0.38,0.34,0.47,0.83,0.4,0.48,38.0
0.3,0.4,0.91,0.32,0.32,0.43,0.75,0.33,0.44,28.98
0.21,0.25,0.91,0.31,0.23,0.49,0.83,0.23,0.27,21.05
0.35,0.3,0.91,0.36,0.34,0.46,1.16,0.38,0.33,26.95
0.23,0.37,0.93,0.37,0.27,0.47,0.62,0.25,0.4,21.74
0.34,0.24,0.93,0.35,0.28,0.51,1.41,0.37,0.26,23.04
0.32,0.4,0.92,0.41,0.3,0.48,0.8,0.35,0.44,29.02
0.31,0.22,0.93,0.3,0.29,0.44,1.41,0.33,0.24,21.15
0.34,0.33,0.93,0.35,0.36,0.48,1.02,0.37,0.36,29.8
0.33,0.39,0.92,0.44,0.31,0.49,0.85,0.36,0.42,31.66
0.32,0.44,0.92,0.42,0.33,0.46,0.73,0.35,0.47,32.2
0.23,0.25,0.91,0.29,0.25,0.42,0.93,0.25,0.27,18.52
0.3,0.3,0.91,0.37,0.25,0.43,1.01,0.33,0.33,25.81
0.33,0.49,0.93,0.44,0.33,0.5,0.66,0.35,0.53,34.01
0.27,0.41,0.93,0.33,0.25,0.48,0.65,0.29,0.44,24.36
0.22,0.17,0.93,0.29,0.24,0.45,1.33,0.24,0.18,18.32
0.18,0.23,0.92,0.3,0.26,0.44,0.78,0.2,0.25,16.03
0.31,0.3,0.91,0.31,0.28,0.45,1.02,0.34,0.33,25.04
0.32,0.46,0.92,0.38,0.32,0.46,0.69,0.35,0.5,32.84
0.23,0.19,0.91,0.3,0.29,0.47,1.2,0.26,0.22,17.15
0.22,0.19,0.91,0.26,0.24,0.46,1.12,0.24,0.21,15.95
0.28,0.41,0.92,0.4,0.31,0.48,0.68,0.31,0.45,28.81
0.2,0.17,0.93,0.28,0.25,0.45,1.18,0.21,0.18,15.81
0.19,0.15,0.92,0.29,0.25,0.42,1.28,0.21,0.16,17.14
0.31,0.24,0.91,0.33,0.29,0.48,1.31,0.34,0.26,22.34
0.3,0.32,0.91,0.39,0.26,0.45,0.95,0.33,0.35,28.99
0.18,0.21,0.92,0.34,0.29,0.52,0.85,0.2,0.23,20.38
0.34,0.32,0.93,0.36,0.34,0.45,1.07,0.37,0.34,29.83
0.24,0.2,0.91,0.29,0.24,0.48,1.2,0.26,0.22,18.13
0.26,0.24,0.92,0.28,0.27,0.48,1.11,0.28,0.26,20.98
0.3,0.46,0.91,0.45,0.3,0.5,0.65,0.33,0.51,35.6
0.17,0.15,0.91,0.28,0.24,0.41,1.15,0.18,0.16,15.03
0.24,0.36,0.91,0.32,0.28,0.5,0.67,0.26,0.39,25.85
0.27,0.33,0.91,0.25,0.25,0.45,0.82,0.29,0.36,23.06
0.26,0.21,0.92,0.32,0.26,0.47,1.21,0.28,0.23,20.23
0.32,0.48,0.92,0.41,0.34,0.47,0.68,0.35,0.52,34.66
0.26,0.34,0.93,0.35,0.25,0.52,0.75,0.28,0.37,25.39
0.33,0.4,0.91,0.43,0.29,0.47,0.83,0.37,0.44,31.4
0.24,0.25,0.93,0.33,0.25,0.49,0.96,0.26,0.27,20.6
0.34,0.25,0.92,0.3,0.33,0.47,1.38,0.37,0.27,23.88
0.34,0.22,0.91,0.33,0.31,0.48,1.51,0.37,0.25,23.68
0.25,0.31,0.93,0.32,0.28,0.46,0.8,0.27,0.34,24.69
0.32,0.5,0.91,0.4,0.35,0.5,0.63,0.35,0.55,38.96
0.2,0.17,0.93,0.29,0.24,0.45,1.21,0.22,0.18,15.28
0.16,0.18,0.91,0.25,0.22,0.47,0.9,0.18,0.2,15.27
0.29,0.15,0.92,0.27,0.25,0.43,1.95,0.31,0.16,15.45
0.27,0.25,0.91,0.3,0.32,0.49,1.07,0.29,0.27,22.56
0.2,0.14,0.91,0.28,0.2,0.43,1.4,0.22,0.16,16.77
0.34,0.47,0.93,0.41,0.31,0.47,0.72,0.37,0.51,32.97
0.29,0.39,0.91,0.37,0.31,0.45,0.75,0.32,0.43,29.69
0.34,0.46,0.91,0.41,0.31,0.48,0.75,0.38,0.5,36.18
0.27,0.27,0.91,0.28,0.28,0.49,0.99,0.29,0.29,23.33
0.3,0.37,0.92,0.35,0.33,0.47,0.83,0.33,0.4,28.36
0.34,0.44,0.91,0.41,0.37,0.49,0.77,0.37,0.48,35.37
0.22,0.18,0.93,0.27,0.25,0.45,1.23,0.24,0.19,15.81
0.36,0.43,0.93,0.39,0.36,0.48,0.84,0.38,0.46,35.73
0.35,0.42,0.93,0.36,0.3,0.49,0.82,0.38,0.46,33.01
0.32,0.46,0.91,0.41,0.35,0.46,0.71,0.36,0.5,33.45
0.28,0.37,0.91,0.33,0.33,0.46,0.76,0.31,0.41,29.45
0.22,0.15,0.91,0.28,0.2,0.5,1.43,0.24,0.17,15.43
0.21,0.25,0.93,0.3,0.33,0.47,0.85,0.23,0.27,23.89
0.25,0.15,0.93,0.31,0.26,0.45,1.66,0.27,0.16,16.22
0.3,0.39,0.93,0.35,0.31,0.51,0.78,0.33,0.42,27.57
0.29,0.34,0.92,0.32,0.27,0.49,0.85,0.31,0.37,25.63
0.23,0.25,0.93,0.3,0.26,0.46,0.91,0.24,0.27,19.79
0.34,0.51,0.92,0.45,0.33,0.47,0.67,0.37,0.55,35.97
0.25,0.24,0.92,0.3,0.26,0.47,1.03,0.27,0.26,21.55
0.39,0.54,0.93,0.42,0.33,0.46,0.73,0.42,0.58,38.26
0.22,0.21,0.92,0.25,0.25,0.47,1.02,0.24,0.23,16.69
0.31,0.18,0.91,0.28,0.25,0.44,1.78,0.34,0.19,17.13
0.28,0.42,0.93,0.36,0.29,0.48,0.68,0.3,0.45,29.58
0.25,0.23,0.92,0.28,0.25,0.47,1.11,0.27,0.24,17.41
0.22,0.22,0.91,0.31,0.3,0.47,1.01,0.24,0.24,19.8
0.25,0.22,0.91,0.35,0.27,0.46,1.1,0.27,0.25,22.53
0.34,0.52,0.93,0.36,0.4,0.48,0.65,0.36,0.56,38.48
0.34,0.43,0.93,0.44,0.34,0.49,0.79,0.36,0.46,33.26
0.35,0.45,0.93,0.39,0.35,0.48,0.77,0.37,0.48,34.67
0.34,0.36,0.93,0.38,0.3,0.47,0.95,0.37,0.39,30.99
0.21,0.2,0.93,0.28,0.29,0.43,1.05,0.22,0.21,17.48
0.3,0.45,0.92,0.36,0.34,0.47,0.67,0.33,0.49,32.86
0.21,0.19,0.93,0.26,0.25,0.47,1.12,0.23,0.2,15.33
0.25,0.42,0.93,0.31,0.33,0.48,0.58,0.27,0.46,26.36
0.17,0.15,0.91,0.32,0.22,0.44,1.16,0.19,0.16,15.77
0.3,0.23,0.91,0.31,0.37,0.48,1.28,0.33,0.26,24.79
0.24,0.2,0.93,0.35,0.24,0.46,1.21,0.25,0.21,19.99
0.35,0.48,0.92,0.44,0.31,0.48,0.72,0.38,0.52,38.99
0.26,0.23,0.93,0.35,0.28,0.5,1.17,0.28,0.24,22.75
0.29,0.34,0.91,0.33,0.29,0.45,0.84,0.32,0.38,26.9
0.38,0.52,0.92,0.47,0.37,0.48,0.74,0.42,0.56,38.69
0.23,0.15,0.93,0.28,0.26,0.46,1.52,0.25,0.16,15.24
0.26,0.27,0.91,0.36,0.27,0.45,0.98,0.29,0.29,22.04
0.29,0.24,0.93,0.34,0.31,0.46,1.21,0.31,0.26,20.09
0.27,0.18,0.92,0.27,0.27,0.47,1.5,0.29,0.2,17.23
0.32,0.32,0.93,0.28,0.32,0.49,1.02,0.35,0.34,23.76
0.32,0.48,0.91,0.43,0.39,0.46,0.66,0.35,0.52,36.89
0.23,0.17,0.91,0.26,0.21,0.43,1.38,0.25,0.18,15.64
0.23,0.2,0.93,0.33,0.26,0.45,1.15,0.25,0.22,18.77
0.26,0.27,0.93,0.32,0.26,0.48,0.96,0.28,0.3,23.6
0.26,0.34,0.93,0.34,0.32,0.46,0.78,0.28,0.36,25.26
0.25,0.18,0.93,0.33,0.25,0.5,1.44,0.27,0.19,15.62
0.18,0.15,0.91,0.29,0.25,0.39,1.25,0.2,0.16,15.54
0.23,0.2,0.93,0.32,0.27,0.46,1.17,0.25,0.21,16.94
0.29,0.42,0.93,0.4,0.32,0.48,0.7,0.31,0.45,31.69
0.35,0.38,0.92,0.36,0.3,0.47,0.92,0.38,0.41,33.87
0.36,0.55,0.92,0.37,0.36,0.46,0.65,0.39,0.59,39.48
0.26,0.19,0.93,0.28,0.26,0.46,1.33,0.28,0.21,17.83
0.31,0.48,0.93,0.47,0.34,0.47,0.66,0.34,0.51,35.32
0.22,0.19,0.92,0.3,0.24,0.47,1.16,0.24,0.21,17.54
0.3,0.28,0.91,0.39,0.35,0.42,1.11,0.33,0.3,24.46
0.26,0.25,0.92,0.3,0.24,0.4,1.04,0.28,0.27,19.73
0.27,0.46,0.92,0.43,0.31,0.46,0.58,0.29,0.5,30.54
0.22,0.23,0.93,0.3,0.27,0.48,0.97,0.24,0.25,17.75
0.29,0.3,0.92,0.34,0.28,0.47,0.97,0.32,0.32,24.34
0.2,0.15,0.91,0.28,0.26,0.44,1.36,0.22,0.16,15.52
0.22,0.19,0.93,0.31,0.27,0.47,1.14,0.24,0.21,17.39
0.26,0.32,0.92,0.3,0.28,0.5,0.8,0.28,0.35,27.89
0.27,0.28,0.93,0.37,0.25,0.47,0.99,0.29,0.3,23.87
0.35,0.47,0.91,0.45,0.32,0.48,0.73,0.38,0.52,37.67
0.19,0.26,0.93,0.31,0.3,0.47,0.75,0.21,0.28,22.15
0.34,0.42,0.93,0.36,0.33,0.44,0.81,0.36,0.45,31.65
0.24,0.26,0.93,0.36,0.24,0.48,0.91,0.26,0.28,25.4
0.22,0.19,0.92,0.27,0.22,0.43,1.19,0.24,0.2,17.05
0.2,0.15,0.91,0.28,0.28,0.51,1.35,0.22,0.16,16.99
0.36,0.46,0.91,0.43,0.35,0.47,0.78,0.39,0.5,39.18
0.23,0.19,0.92,0.29,0.24,0.45,1.21,0.25,0.21,19.91
0.23,0.25,0.91,0.32,0.29,0.43,0.91,0.25,0.27,22.97
0.17,0.17,0.92,0.24,0.25,0.47,1.03,0.19,0.18,16.02
0.33,0.41,0.93,0.36,0.34,0.44,0.82,0.36,0.44,35.39
0.24,0.26,0.92,0.28,0.29,0.42,0.9,0.26,0.29,19.69
0.34,0.53,0.91,0.46,0.36,0.5,0.65,0.38,0.58,39.81
0.28,0.36,0.91,0.34,0.32,0.47,0.78,0.3,0.39,27.27
0.31,0.24,0.91,0.31,0.27,0.43,1.29,0.34,0.26,22.06
0.24,0.23,0.91,0.28,0.29,0.45,1.01,0.26,0.26,22.91
0.26,0.46,0.91,0.32,0.31,0.47,0.58,0.29,0.5,31.49
0.21,0.2,0.92,0.29,0.27,0.43,1.06,0.23,0.21,17.48
0.22,0.31,0.91,0.34,0.32,0.44,0.72,0.24,0.34,26.24
0.24,0.24,0.91,0.29,0.28,0.46,0.99,0.27,0.27,22.17
0.2,0.17,0.92,0.31,0.23,0.41,1.16,0.22,0.19,18.9
0.28,0.32,0.92,0.38,0.27,0.49,0.89,0.31,0.35,25.37
0.23,0.15,0.91,0.29,0.24,0.45,1.51,0.25,0.17,18.27
0.31,0.33,0.93,0.43,0.31,0.47,0.92,0.33,0.36,29.51
0.25,0.18,0.91,0.26,0.26,0.47,1.41,0.28,0.19,16.5
0.25,0.23,0.92,0.35,0.23,0.47,1.08,0.27,0.25,22.23
0.25,0.26,0.93,0.32,0.27,0.46,0.98,0.27,0.28,24.61
0.31,0.48,0.93,0.46,0.34,0.45,0.64,0.33,0.52,37.68
0.31,0.38,0.93,0.34,0.31,0.5,0.82,0.33,0.41,30.51
0.37,0.56,0.93,0.43,0.34,0.47,0.66,0.4,0.6,35.74
0.27,0.29,0.92,0.33,0.25,0.48,0.95,0.3,0.31,24.81
0.26,0.2,0.91,0.27,0.25,0.44,1.31,0.29,0.22,19.75
0.31,0.34,0.91,0.35,0.29,0.5,0.94,0.35,0.37,27.26
0.28,0.32,0.93,0.36,0.27,0.48,0.89,0.31,0.34,25.64
0.33,0.53,0.92,0.45,0.32,0.48,0.62,0.36,0.58,35.04
0.32,0.5,0.93,0.42,0.34,0.5,0.65,0.35,0.53,33.65
0.32,0.37,0.91,0.41,0.28,0.46,0.88,0.35,0.4,28.72
0.34,0.48,0.93,0.41,0.33,0.54,0.71,0.37,0.52,36.04
0.26,0.4,0.91,0.31,0.29,0.46,0.64,0.28,0.44,25.04
0.36,0.45,0.93,0.41,0.31,0.46,0.81,0.39,0.48,33.97
0.27,0.39,0.91,0.35,0.32,0.45,0.7,0.3,0.43,25.63
0.33,0.36,0.93,0.41,0.33,0.47,0.91,0.35,0.39,31.27
0.23,0.22,0.93,0.27,0.25,0.47,1.05,0.24,0.23,16.34
0.23,0.18,0.91,0.3,0.24,0.44,1.28,0.25,0.19,17.96
0.27,0.32,0.93,0.35,0.32,0.48,0.85,0.29,0.35,26.3
0.3,0.38,0.93,0.39,0.34,0.48,0.79,0.32,0.41,29.19
0.18,0.2,0.93,0.27,0.24,0.43,0.88,0.19,0.22,16.34
0.21,0.17,0.92,0.25,0.29,0.47,1.21,0.22,0.19,17.89
0.24,0.19,0.91,0.28,0.24,0.44,1.23,0.26,0.21,15.71
0.27,0.4,0.91,0.43,0.3,0.51,0.67,0.29,0.44,31.83
0.23,0.19,0.93,0.33,0.26,0.48,1.2,0.24,0.2,21.85
0.32,0.47,0.92,0.36,0.37,0.47,0.68,0.35,0.51,34.96
0.29,0.36,0.92,0.36,0.3,0.52,0.8,0.32,0.39,29.51
0.25,0.23,0.92,0.29,0.25,0.49,1.09,0.27,0.25,18.78
0.36,0.32,0.93,0.35,0.34,0.45,1.12,0.38,0.34,27.36
0.35,0.28,0.93,0.28,0.33,0.48,1.25,0.38,0.3,24.12
0.22,0.15,0.91,0.29,0.24,0.46,1.5,0.24,0.16,16.69
0.29,0.15,0.92,0.25,0.27,0.44,1.96,0.31,0.16,16.04
0.22,0.18,0.93,0.27,0.28,0.4,1.16,0.23,0.2,18.03
0.35,0.34,0.91,0.32,0.31,0.48,1.02,0.38,0.37,28.51
0.29,0.3,0.91,0.35,0.3,0.44,0.96,0.31,0.33,27.58
0.22,0.2,0.91,0.29,0.23,0.41,1.08,0.24,0.22,17.17
0.36,0.31,0.92,0.34,0.35,0.45,1.17,0.39,0.33,27.62
0.28,0.4,0.92,0.39,0.37,0.47,0.7,0.31,0.44,31.84
0.38,0.36,0.93,0.33,0.32,0.44,1.04,0.4,0.39,29.38
0.31,0.56,0.93,0.43,0.32,0.51,0.56,0.33,0.6,32.52
0.28,0.3,0.92,0.32,0.28,0.44,0.91,0.3,0.33,25.98
0.25,0.33,0.92,0.35,0.27,0.45,0.75,0.27,0.36,25.6
0.25,0.28,0.91,0.33,0.24,0.43,0.88,0.27,0.31,22.35
0.29,0.31,0.93,0.36,0.32,0.47,0.92,0.31,0.34,28.67
0.24,0.16,0.92,0.28,0.2,0.43,1.43,0.26,0.18,16.05
0.34,0.58,0.93,0.38,0.38,0.45,0.58,0.36,0.62,37.61
0.26,0.27,0.92,0.33,0.27,0.47,0.95,0.28,0.3,23.48
0.36,0.5,0.92,0.42,0.32,0.47,0.71,0.39,0.54,38.16
0.25,0.2,0.91,0.26,0.26,0.42,1.22,0.27,0.22,17.22
0.37,0.54,0.92,0.46,0.34,0.47,0.68,0.4,0.59,39.57
0.34,0.57,0.92,0.39,0.33,0.45,0.6,0.37,0.62,37.49
0.27,0.29,0.92,0.31,0.24,0.49,0.92,0.29,0.32,25.09
0.18,0.15,0.93,0.28,0.26,0.48,1.15,0.19,0.16,16.48
0.35,0.49,0.91,0.47,0.36,0.49,0.72,0.38,0.53,38.55
0.22,0.15,0.92,0.25,0.23,0.42,1.39,0.24,0.17,15.04
0.22,0.25,0.92,0.33,0.26,0.48,0.88,0.24,0.28,20.23
0.26,0.23,0.92,0.26,0.25,0.44,1.13,0.28,0.25,18.96
0.35,0.46,0.91,0.42,0.36,0.49,0.77,0.39,0.5,37.29
0.24,0.21,0.92,0.34,0.25,0.4,1.17,0.26,0.22,16.58
0.29,0.4,0.92,0.38,0.33,0.5,0.73,0.32,0.43,30.77
0.24,0.3,0.91,0.38,0.26,0.47,0.82,0.27,0.32,22.21
0.31,0.54,0.91,0.34,0.37,0.47,0.58,0.34,0.59,35.45
0.22,0.31,0.92,0.29,0.25,0.46,0.71,0.24,0.33,20.93
0.28,0.33,0.91,0.38,0.24,0.49,0.87,0.31,0.36,29.14
0.26,0.41,0.92,0.32,0.29,0.43,0.64,0.29,0.44,27.46
0.29,0.4,0.91,0.39,0.31,0.49,0.71,0.31,0.44,28.46
0.23,0.22,0.92,0.34,0.27,0.48,1.03,0.25,0.24,20.77
0.28,0.27,0.93,0.33,0.29,0.47,1.02,0.3,0.3,23.58
0.27,0.42,0.91,0.34,0.33,0.45,0.66,0.3,0.46,28.86
0.33,0.28,0.91,0.32,0.33,0.48,1.19,0.36,0.3,27.59
0.3,0.39,0.91,0.42,0.3,0.5,0.76,0.33,0.43,30.02
0.28,0.3,0.91,0.31,0.26,0.43,0.93,0.3,0.33,25.95
0.26,0.25,0.92,0.3,0.29,0.43,1.01,0.28,0.27,21.94
0.31,0.34,0.92,0.34,0.32,0.46,0.91,0.34,0.37,29.4
0.28,0.24,0.91,0.24,0.29,0.4,1.18,0.31,0.26,18.06
0.38,0.39,0.93,0.42,0.38,0.51,0.96,0.41,0.42,35.88
0.32,0.39,0.92,0.38,0.3,0.52,0.82,0.35,0.42,29.33
0.25,0.29,0.92,0.33,0.28,0.47,0.85,0.27,0.31,25.73
0.33,0.25,0.91,0.34,0.3,0.4,1.29,0.36,0.28,24.15
0.35,0.45,0.92,0.46,0.34,0.47,0.77,0.38,0.49,37.25
0.26,0.23,0.91,0.29,0.26,0.46,1.11,0.29,0.26,18.2
0.2,0.2,0.92,0.3,0.25,0.43,1.05,0.22,0.21,18.53
0.21,0.19,0.91,0.25,0.24,0.44,1.09,0.23,0.21,16.84
0.24,0.31,0.92,0.31,0.3,0.46,0.78,0.26,0.33,20.95
0.34,0.32,0.92,0.34,0.32,0.47,1.05,0.37,0.35,26.97
0.21,0.18,0.91,0.27,0.25,0.45,1.19,0.23,0.19,16.93
0.29,0.36,0.93,0.33,0.33,0.51,0.81,0.32,0.39,32.21
0.32,0.45,0.91,0.44,0.34,0.46,0.7,0.35,0.5,32.35
0.21,0.17,0.91,0.28,0.2,0.46,1.3,0.24,0.18,15.51
0.28,0.33,0.93,0.35,0.28,0.48,0.85,0.3,0.36,26.02
0.38,0.46,0.92,0.42,0.39,0.52,0.81,0.41,0.5,39.59
0.23,0.26,0.91,0.29,0.24,0.43,0.88,0.25,0.29,21.03
0.23,0.2,0.92,0.26,0.22,0.46,1.17,0.25,0.21,18.16
0.23,0.17,0.93,0.31,0.25,0.49,1.38,0.25,0.18,18.66
0.36,0.41,0.93,0.4,0.37,0.46,0.87,0.38,0.44,31.83
0.25,0.25,0.93,0.36,0.27,0.49,1.0,0.27,0.27,20.37
0.36,0.47,0.91,0.41,0.35,0.48,0.77,0.4,0.51,38.21
0.38,0.3,0.91,0.36,0.3,0.45,1.28,0.42,0.33,27.09
0.23,0.18,0.93,0.33,0.26,0.5,1.31,0.25,0.19,19.4
0.18,0.15,0.92,0.31,0.25,0.45,1.23,0.2,0.16,15.03
0.26,0.37,0.91,0.38,0.25,0.47,0.7,0.28,0.41,23.44
0.24,0.18,0.92,0.3,0.22,0.47,1.31,0.26,0.2,16.97
0.23,0.17,0.91,0.29,0.23,0.44,1.37,0.25,0.18,17.25
0.33,0.47,0.91,0.46,0.35,0.46,0.71,0.36,0.51,36.33
0.28,0.41,0.91,0.35,0.26,0.48,0.69,0.31,0.45,27.62
0.39,0.43,0.92,0.41,0.39,0.45,0.91,0.43,0.47,35.46
0.21,0.21,0.91,0.25,0.23,0.45,0.98,0.23,0.23,15.32
0.36,0.57,0.91,0.45,0.36,0.52,0.63,0.39,0.63,39.47
0.29,0.34,0.91,0.34,0.31,0.49,0.87,0.32,0.37,28.41
0.26,0.34,0.93,0.38,0.28,0.47,0.77,0.28,0.36,23.07
0.18,0.19,0.91,0.32,0.26,0.48,0.99,0.2,0.2,17.21
0.35,0.5,0.92,0.42,0.33,0.46,0.7,0.38,0.54,35.06
0.26,0.27,0.92,0.32,0.3,0.47,0.96,0.28,0.29,25.15
0.3,0.3,0.91,0.36,0.29,0.43,0.98,0.33,0.33,26.79
0.3,0.38,0.91,0.4,0.31,0.51,0.79,0.33,0.42,35.2
0.31,0.33,0.92,0.34,0.31,0.45,0.93,0.34,0.36,27.58
0.34,0.59,0.93,0.42,0.36,0.51,0.58,0.37,0.64,39.03
0.33,0.47,0.93,0.43,0.37,0.48,0.71,0.36,0.5,37.8
0.35,0.25,0.92,0.29,0.31,0.46,1.4,0.38,0.27,25.29
0.24,0.16,0.93,0.29,0.25,0.46,1.5,0.25,0.17,17.46
0.24,0.24,0.93,0.32,0.24,0.54,1.01,0.26,0.26,18.9
0.34,0.49,0.91,0.4,0.35,0.47,0.69,0.37,0.54,36.98
0.32,0.53,0.91,0.42,0.38,0.47,0.61,0.36,0.58,38.54
0.25,0.17,0.92,0.3,0.32,0.45,1.5,0.27,0.18,17.5
0.21,0.17,0.91,0.29,0.26,0.47,1.25,0.23,0.18,16.91
0.27,0.15,0.91,0.29,0.27,0.44,1.83,0.29,0.16,15.11
0.35,0.46,0.92,0.36,0.32,0.41,0.75,0.38,0.5,33.23
0.19,0.15,0.92,0.29,0.26,0.45,1.26,0.2,0.16,18.02
0.3,0.34,0.92,0.35,0.29,0.48,0.88,0.33,0.37,29.85
0.3,0.41,0.92,0.43,0.32,0.45,0.73,0.33,0.45,32.31
0.32,0.47,0.92,0.42,0.32,0.5,0.67,0.34,0.51,35.25
0.25,0.41,0.91,0.38,0.32,0.47,0.62,0.28,0.45,30.59
0.23,0.21,0.93,0.32,0.28,0.43,1.1,0.25,0.22,15.98
0.26,0.32,0.92,0.36,0.29,0.5,0.82,0.28,0.34,25.02
0.29,0.31,0.91,0.35,0.29,0.48,0.93,0.32,0.34,28.33
0.27,0.28,0.93,0.33,0.26,0.45,0.95,0.29,0.3,20.13
0.25,0.2,0.91,0.25,0.25,0.45,1.21,0.27,0.22,16.12
0.31,0.51,0.92,0.38,0.29,0.5,0.6,0.34,0.55,33.72
0.19,0.19,0.91,0.25,0.24,0.44,0.97,0.21,0.21,15.66
0.21,0.23,0.92,0.25,0.27,0.48,0.9,0.22,0.25,16.78
0.29,0.35,0.93,0.33,0.28,0.5,0.84,0.31,0.37,29.36
0.21,0.2,0.92,0.29,0.24,0.48,1.06,0.23,0.22,16.84
0.31,0.38,0.93,0.37,0.32,0.53,0.81,0.34,0.41,27.18
0.22,0.22,0.91,0.32,0.26,0.46,0.99,0.24,0.25,19.84
0.23,0.18,0.92,0.27,0.27,0.46,1.24,0.25,0.2,17.28
0.35,0.48,0.93,0.43,0.34,0.49,0.72,0.37,0.52,35.45
0.38,0.4,0.92,0.44,0.36,0.44,0.93,0.41,0.44,32.82
0.31,0.42,0.91,0.39,0.35,0.52,0.74,0.34,0.46,33.43
0.18,0.18,0.91,0.28,0.25,0.42,1.02,0.2,0.2,15.08
0.24,0.27,0.92,0.31,0.3,0.47,0.89,0.27,0.3,23.21
0.28,0.38,0.93,0.35,0.29,0.47,0.73,0.3,0.41,28.6
0.31,0.42,0.93,0.33,0.32,0.5,0.74,0.33,0.45,30.66
0.35,0.31,0.92,0.37,0.33,0.46,1.14,0.38,0.34,28.42
0.3,0.35,0.93,0.29,0.32,0.48,0.84,0.32,0.38,29.03
0.22,0.15,0.92,0.32,0.23,0.44,1.41,0.24,0.17,16.43
0.25,0.2,0.92,0.26,0.29,0.47,1.23,0.27,0.22,17.53
0.25,0.25,0.91,0.29,0.27,0.46,1.03,0.28,0.27,23.07
0.22,0.16,0.93,0.25,0.22,0.49,1.37,0.23,0.17,15.44
0.31,0.5,0.93,0.44,0.39,0.49,0.62,0.34,0.54,37.35
0.38,0.35,0.91,0.4,0.31,0.45,1.08,0.42,0.39,30.42
0.31,0.33,0.92,0.38,0.32,0.43,0.95,0.34,0.36,29.3
0.23,0.25,0.93,0.31,0.25,0.43,0.93,0.25,0.27,17.75
0.35,0.52,0.91,0.5,0.32,0.5,0.68,0.39,0.57,39.19
0.33,0.49,0.91,0.38,0.31,0.45,0.67,0.36,0.54,32.29
0.34,0.54,0.92,0.45,0.36,0.45,0.62,0.36,0.59,37.95
0.27,0.31,0.91,0.32,0.32,0.49,0.89,0.3,0.34,29.46
0.21,0.16,0.93,0.28,0.26,0.43,1.28,0.22,0.17,15.95
0.3,0.34,0.92,0.36,0.29,0.43,0.88,0.33,0.37,26.22
0.22,0.26,0.91,0.31,0.23,0.46,0.83,0.24,0.29,18.13
0.16,0.15,0.92,0.25,0.27,0.46,1.09,0.17,0.16,16.41
0.29,0.18,0.93,0.27,0.23,0.47,1.61,0.31,0.19,15.59
0.3,0.35,0.92,0.37,0.33,0.48,0.87,0.33,0.38,28.61
0.34,0.27,0.92,0.31,0.36,0.47,1.23,0.36,0.3,26.39
0.27,0.24,0.93,0.33,0.29,0.45,1.11,0.29,0.26,22.15
0.21,0.15,0.91,0.3,0.22,0.44,1.39,0.22,0.16,15.24
0.29,0.36,0.93,0.33,0.29,0.49,0.82,0.31,0.38,30.05
0.27,0.26,0.91,0.3,0.3,0.42,1.04,0.3,0.29,22.2
0.28,0.3,0.91,0.33,0.33,0.46,0.92,0.31,0.33,28.25
0.27,0.22,0.92,0.33,0.32,0.45,1.24,0.29,0.23,19.18
0.28,0.34,0.92,0.31,0.33,0.48,0.83,0.31,0.37,26.88
0.28,0.28,0.92,0.33,0.28,0.5,1.0,0.3,0.3,22.69
0.24,0.19,0.92,0.3,0.23,0.47,1.27,0.26,0.21,17.01
0.32,0.45,0.93,0.36,0.28,0.48,0.71,0.34,0.48,29.62
0.29,0.31,0.93,0.37,0.28,0.48,0.94,0.31,0.33,25.81
0.35,0.32,0.93,0.35,0.3,0.48,1.1,0.38,0.34,25.02
0.34,0.47,0.93,0.38,0.36,0.43,0.72,0.37,0.51,34.81
0.37,0.5,0.93,0.42,0.36,0.48,0.75,0.4,0.54,38.69
0.36,0.3,0.92,0.4,0.32,0.46,1.18,0.39,0.33,29.07
0.21,0.18,0.92,0.25,0.23,0.45,1.19,0.23,0.19,18.12
0.21,0.21,0.93,0.28,0.22,0.49,1.04,0.23,0.22,19.09
0.2,0.19,0.93,0.31,0.28,0.53,1.05,0.21,0.2,20.06
0.24,0.22,0.93,0.33,0.24,0.46,1.08,0.25,0.23,16.68
0.32,0.24,0.92,0.31,0.28,0.46,1.36,0.35,0.26,21.87
0.28,0.3,0.91,0.33,0.28,0.47,0.92,0.3,0.33,25.36
0.39,0.56,0.93,0.46,0.34,0.57,0.69,0.42,0.6,39.82
0.31,0.34,0.93,0.29,0.33,0.49,0.93,0.34,0.36,27.14
0.33,0.49,0.92,0.42,0.34,0.46,0.66,0.35,0.54,34.14
0.28,0.27,0.93,0.31,0.29,0.47,1.02,0.3,0.29,25.49
0.24,0.17,0.92,0.29,0.26,0.45,1.36,0.26,0.19,16.3
0.17,0.21,0.93,0.28,0.26,0.48,0.79,0.18,0.23,19.47
0.34,0.52,0.92,0.46,0.35,0.48,0.65,0.37,0.57,35.55
0.33,0.15,0.92,0.26,0.24,0.47,2.27,0.36,0.16,16.05
0.25,0.18,0.91,0.26,0.22,0.45,1.35,0.27,0.2,16.83
0.3,0.31,0.92,0.42,0.3,0.45,0.95,0.32,0.34,25.07
0.37,0.48,0.92,0.4,0.36,0.47,0.77,0.4,0.52,38.02
0.27,0.33,0.91,0.33,0.31,0.47,0.81,0.29,0.36,27.66
0.33,0.43,0.93,0.42,0.36,0.47,0.77,0.36,0.46,33.46
0.32,0.38,0.92,0.36,0.28,0.47,0.85,0.35,0.41,29.03
0.23,0.16,0.91,0.31,0.24,0.44,1.41,0.25,0.18,17.5
0.26,0.26,0.92,0.31,0.32,0.47,1.0,0.28,0.28,22.52
0.31,0.49,0.92,0.38,0.3,0.48,0.63,0.33,0.53,28.14
0.22,0.28,0.93,0.29,0.28,0.46,0.81,0.24,0.3,20.24
0.26,0.38,0.92,0.34,0.31,0.47,0.68,0.28,0.41,28.58
0.32,0.37,0.92,0.36,0.31,0.47,0.88,0.35,0.4,32.3
0.18,0.15,0.92,0.3,0.22,0.5,1.22,0.2,0.16,15.96
0.2,0.16,0.93,0.29,0.27,0.44,1.27,0.22,0.17,17.52
0.32,0.42,0.91,0.38,0.29,0.46,0.75,0.35,0.47,32.34
0.34,0.53,0.91,0.46,0.39,0.49,0.65,0.38,0.58,39.87
0.32,0.58,0.93,0.46,0.35,0.52,0.56,0.34,0.62,38.0
0.2,0.21,0.91,0.28,0.24,0.49,0.96,0.22,0.23,17.61
0.36,0.45,0.93,0.45,0.36,0.49,0.8,0.39,0.49,38.48
0.29,0.32,0.92,0.32,0.31,0.5,0.88,0.31,0.35,26.15
0.29,0.29,0.93,0.36,0.31,0.47,1.0,0.31,0.31,24.63
0.31,0.19,0.91,0.3,0.29,0.42,1.64,0.34,0.2,19.51
0.28,0.45,0.91,0.39,0.3,0.47,0.63,0.31,0.49,31.91
0.31,0.44,0.91,0.36,0.35,0.47,0.71,0.34,0.48,35.94
0.39,0.44,0.92,0.39,0.38,0.54,0.88,0.42,0.48,37.59
0.25,0.24,0.92,0.3,0.31,0.48,1.07,0.27,0.25,21.38
0.21,0.2,0.93,0.28,0.28,0.44,1.05,0.23,0.22,16.45
0.25,0.18,0.92,0.32,0.23,0.46,1.4,0.27,0.19,17.34
0.23,0.22,0.92,0.28,0.28,0.46,1.07,0.25,0.24,19.71
0.21,0.2,0.92,0.27,0.23,0.49,1.01,0.22,0.22,15.89
0.22,0.23,0.92,0.34,0.27,0.49,0.94,0.24,0.25,20.96
0.26,0.16,0.92,0.29,0.24,0.43,1.61,0.28,0.18,15.43
0.32,0.45,0.92,0.44,0.35,0.45,0.71,0.35,0.49,33.05
0.25,0.22,0.93,0.32,0.27,0.45,1.16,0.27,0.23,17.37
0.36,0.28,0.93,0.37,0.28,0.51,1.31,0.39,0.3,27.29
0.31,0.4,0.93,0.33,0.34,0.49,0.78,0.34,0.43,28.41
0.24,0.22,0.93,0.31,0.25,0.41,1.09,0.26,0.24,17.94
0.24,0.19,0.91,0.27,0.2,0.41,1.3,0.27,0.21,15.88
0.29,0.38,0.91,0.35,0.3,0.44,0.75,0.31,0.42,29.84
0.3,0.46,0.92,0.39,0.34,0.49,0.66,0.33,0.5,32.61
0.19,0.15,0.92,0.31,0.24,0.42,1.29,0.21,0.16,16.89
0.3,0.2,0.93,0.31,0.31,0.43,1.54,0.33,0.21,21.13
0.29,0.37,0.91,0.37,0.34,0.49,0.79,0.32,0.41,30.86
0.25,0.19,0.93,0.3,0.27,0.45,1.34,0.27,0.2,15.79
0.32,0.27,0.91,0.27,0.32,0.41,1.21,0.36,0.29,20.43
0.33,0.29,0.91,0.35,0.34,0.45,1.15,0.37,0.32,24.5
0.26,0.37,0.93,0.37,0.31,0.49,0.7,0.28,0.4,26.62
0.28,0.32,0.91,0.35,0.31,0.46,0.88,0.3,0.35,27.26
0.27,0.37,0.91,0.38,0.3,0.48,0.73,0.29,0.4,26.83
0.33,0.32,0.92,0.39,0.3,0.48,1.02,0.36,0.35,29.01
0.32,0.36,0.91,0.37,0.35,0.45,0.9,0.36,0.4,28.94
0.36,0.49,0.91,0.37,0.33,0.48,0.72,0.39,0.54,35.03
0.28,0.2,0.91,0.25,0.31,0.48,1.41,0.31,0.22,18.38
0.34,0.48,0.92,0.43,0.31,0.44,0.72,0.37,0.52,33.14
0.23,0.18,0.91,0.25,0.24,0.48,1.25,0.25,0.2,16.61
0.28,0.35,0.92,0.36,0.34,0.45,0.81,0.31,0.38,27.02
0.18,0.16,0.93,0.31,0.29,0.45,1.12,0.2,0.18,15.23
0.34,0.5,0.91,0.35,0.32,0.47,0.68,0.37,0.54,38.29
0.32,0.48,0.91,0.39,0.36,0.43,0.67,0.35,0.52,32.08
0.3,0.32,0.92,0.34,0.29,0.47,0.93,0.33,0.35,26.37
0.38,0.34,0.93,0.36,0.34,0.47,1.12,0.41,0.37,28.94
0.28,0.43,0.93,0.34,0.33,0.47,0.66,0.3,0.46,26.47
0.32,0.44,0.93,0.42,0.34,0.49,0.73,0.35,0.47,32.99
0.36,0.29,0.92,0.39,0.3,0.46,1.25,0.39,0.31,28.35
0.28,0.28,0.92,0.36,0.3,0.47,1.03,0.31,0.3,25.4
0.23,0.18,0.92,0.25,0.26,0.47,1.26,0.25,0.2,17.94
0.29,0.24,0.91,0.35,0.33,0.46,1.2,0.32,0.26,19.84
0.21,0.15,0.92,0.26,0.23,0.45,1.42,0.23,0.16,15.23
0.28,0.15,0.92,0.23,0.25,0.42,1.91,0.31,0.16,16.48
0.26,0.3,0.93,0.32,0.3,0.48,0.87,0.28,0.32,23.62
0.34,0.4,0.93,0.41,0.32,0.48,0.85,0.36,0.43,34.96
0.27,0.3,0.93,0.3,0.26,0.47,0.9,0.29,0.32,24.14
0.28,0.35,0.91,0.33,0.29,0.5,0.79,0.3,0.39,25.12
0.31,0.52,0.93,0.41,0.34,0.5,0.6,0.34,0.56,34.52
0.25,0.41,0.91,0.35,0.3,0.51,0.62,0.28,0.45,29.2
0.31,0.29,0.91,0.32,0.37,0.5,1.06,0.34,0.32,27.0
0.28,0.24,0.93,0.32,0.35,0.48,1.16,0.3,0.26,20.81
0.21,0.19,0.93,0.3,0.23,0.46,1.12,0.23,0.2,16.83
0.23,0.26,0.92,0.35,0.23,0.43,0.88,0.25,0.28,19.77
0.37,0.52,0.92,0.42,0.37,0.46,0.72,0.41,0.57,39.51
0.24,0.21,0.91,0.28,0.29,0.47,1.12,0.26,0.24,20.26
0.3,0.36,0.93,0.39,0.28,0.52,0.83,0.32,0.39,26.24
0.27,0.25,0.93,0.32,0.29,0.43,1.07,0.29,0.27,21.53
0.31,0.38,0.93,0.42,0.37,0.47,0.82,0.33,0.41,32.05
0.32,0.27,0.92,0.35,0.29,0.5,1.17,0.35,0.3,25.14
0.24,0.22,0.91,0.31,0.26,0.47,1.1,0.27,0.24,20.53
0.35,0.55,0.92,0.44,0.35,0.46,0.62,0.38,0.6,38.34
0.18,0.16,0.91,0.27,0.28,0.44,1.08,0.19,0.18,17.48
0.31,0.32,0.91,0.36,0.29,0.46,0.96,0.34,0.35,29.11
0.33,0.23,0.91,0.29,0.28,0.47,1.4,0.36,0.26,21.44
0.18,0.16,0.91,0.27,0.24,0.43,1.18,0.2,0.17,15.55
0.27,0.35,0.91,0.3,0.26,0.47,0.78,0.3,0.38,25.85
0.24,0.2,0.92,0.28,0.26,0.42,1.17,0.26,0.22,21.29
0.31,0.48,0.92,0.39,0.29,0.47,0.63,0.33,0.53,31.71
0.33,0.2,0.93,0.27,0.29,0.41,1.66,0.35,0.21,19.2
0.26,0.24,0.92,0.29,0.27,0.44,1.09,0.29,0.26,21.64
0.22,0.18,0.93,0.35,0.29,0.49,1.19,0.24,0.2,19.32
0.22,0.26,0.91,0.32,0.29,0.5,0.85,0.24,0.28,23.39
0.19,0.15,0.92,0.31,0.28,0.44,1.3,0.21,0.16,15.19
0.34,0.52,0.92,0.43,0.38,0.48,0.66,0.38,0.57,37.16
0.36,0.33,0.93,0.39,0.32,0.48,1.1,0.39,0.35,30.87
0.28,0.23,0.93,0.29,0.31,0.47,1.23,0.31,0.25,19.95
0.29,0.39,0.92,0.36,0.31,0.52,0.73,0.31,0.43,27.04
0.24,0.18,0.92,0.31,0.28,0.48,1.35,0.26,0.2,16.95
0.27,0.41,0.91,0.4,0.25,0.41,0.66,0.3,0.45,26.98
0.21,0.17,0.91,0.31,0.24,0.44,1.21,0.23,0.19,15.77
0.24,0.29,0.93,0.32,0.28,0.44,0.83,0.26,0.32,22.66
0.22,0.2,0.92,0.33,0.25,0.45,1.08,0.24,0.22,18.11
0.23,0.25,0.91,0.29,0.24,0.47,0.92,0.26,0.28,18.84
0.23,0.21,0.92,0.26,0.29,0.42,1.09,0.25,0.23,17.28
0.24,0.22,0.92,0.33,0.27,0.45,1.08,0.26,0.24,20.19
0.27,0.29,0.93,0.32,0.32,0.45,0.95,0.29,0.31,25.87
0.25,0.25,0.91,0.26,0.27,0.46,0.99,0.28,0.28,20.91
0.38,0.51,0.91,0.46,0.39,0.5,0.76,0.42,0.55,37.57
0.19,0.15,0.93,0.26,0.2,0.47,1.28,0.2,0.16,15.02
0.3,0.3,0.91,0.33,0.28,0.45,0.99,0.33,0.33,25.27
0.41,0.48,0.92,0.43,0.39,0.48,0.85,0.44,0.52,38.33
0.32,0.36,0.92,0.35,0.35,0.45,0.88,0.34,0.39,29.22
0.25,0.17,0.93,0.27,0.28,0.42,1.51,0.27,0.18,15.19
0.3,0.46,0.93,0.4,0.3,0.47,0.66,0.32,0.49,33.5
0.32,0.21,0.92,0.26,0.31,0.46,1.5,0.34,0.23,17.82
0.32,0.47,0.93,0.38,0.36,0.55,0.68,0.34,0.51,33.91
0.16,0.19,0.92,0.25,0.26,0.44,0.86,0.18,0.2,15.94
0.3,0.33,0.91,0.35,0.32,0.49,0.91,0.33,0.36,26.59
0.3,0.33,0.92,0.37,0.35,0.49,0.92,0.33,0.36,26.13
0.32,0.42,0.93,0.39,0.37,0.5,0.77,0.35,0.45,30.44
0.25,0.19,0.92,0.24,0.28,0.45,1.27,0.27,0.21,15.24
0.2,0.23,0.93,0.24,0.21,0.44,0.9,0.22,0.24,17.21
0.27,0.17,0.92,0.25,0.29,0.47,1.56,0.29,0.19,15.34
0.22,0.19,0.92,0.31,0.28,0.45,1.16,0.24,0.21,19.4
0.31,0.43,0.93,0.37,0.29,0.5,0.71,0.33,0.47,27.13
0.27,0.24,0.93,0.32,0.26,0.45,1.09,0.28,0.26,17.59
0.32,0.4,0.92,0.43,0.3,0.47,0.79,0.34,0.43,32.92
0.28,0.27,0.93,0.31,0.3,0.48,1.02,0.3,0.29,22.83
0.24,0.36,0.92,0.37,0.31,0.48,0.65,0.26,0.39,25.84
0.24,0.17,0.92,0.26,0.25,0.45,1.44,0.26,0.18,15.54
0.19,0.18,0.93,0.29,0.27,0.48,1.05,0.2,0.19,17.36
0.31,0.39,0.92,0.38,0.32,0.51,0.8,0.34,0.42,34.72
0.35,0.47,0.91,0.4,0.37,0.49,0.74,0.38,0.52,37.93
0.32,0.41,0.91,0.42,0.32,0.47,0.78,0.35,0.45,32.52
0.28,0.34,0.93,0.36,0.29,0.43,0.8,0.3,0.37,25.78
0.21,0.16,0.92,0.3,0.27,0.46,1.26,0.22,0.18,16.49
0.29,0.33,0.93,0.31,0.28,0.49,0.87,0.31,0.35,25.59
0.19,0.16,0.91,0.25,0.22,0.41,1.21,0.21,0.18,15.4
0.25,0.35,0.93,0.35,0.28,0.44,0.73,0.27,0.37,25.01
0.32,0.33,0.93,0.33,0.28,0.5,0.95,0.34,0.36,31.27
0.26,0.37,0.91,0.36,0.32,0.46,0.68,0.28,0.41,27.33
0.37,0.45,0.91,0.43,0.43,0.49,0.81,0.4,0.49,36.94
0.31,0.47,0.92,0.39,0.3,0.51,0.67,0.34,0.5,34.6
0.3,0.39,0.91,0.36,0.34,0.47,0.79,0.34,0.43,31.4
0.26,0.31,0.92,0.34,0.31,0.45,0.86,0.29,0.33,24.85
0.29,0.27,0.91,0.27,0.28,0.46,1.06,0.32,0.3,22.07
0.34,0.55,0.92,0.4,0.33,0.48,0.62,0.37,0.6,38.37
0.23,0.2,0.91,0.31,0.27,0.46,1.14,0.26,0.22,17.26
0.23,0.29,0.93,0.31,0.26,0.45,0.8,0.25,0.31,22.05
0.28,0.44,0.92,0.4,0.29,0.49,0.64,0.31,0.48,31.04
0.24,0.39,0.91,0.35,0.3,0.49,0.63,0.27,0.42,26.67
0.23,0.23,0.93,0.25,0.24,0.43,1.0,0.25,0.25,17.96
0.34,0.39,0.92,0.39,0.32,0.48,0.87,0.37,0.42,33.17
0.25,0.15,0.91,0.32,0.24,0.44,1.62,0.27,0.17,17.32
0.27,0.38,0.91,0.33,0.29,0.45,0.69,0.29,0.42,26.31
0.27,0.29,0.91,0.32,0.31,0.47,0.94,0.3,0.32,24.15
0.22,0.21,0.92,0.34,0.27,0.42,1.06,0.24,0.23,21.45
0.2,0.21,0.92,0.31,0.2,0.41,0.96,0.22,0.23,15.96
0.32,0.33,0.91,0.32,0.32,0.48,0.97,0.35,0.36,28.63
0.26,0.26,0.92,0.34,0.27,0.51,1.01,0.29,0.28,21.43
0.35,0.49,0.91,0.49,0.36,0.49,0.72,0.39,0.54,38.8
0.27,0.38,0.91,0.31,0.26,0.46,0.73,0.3,0.41,26.36
0.19,0.19,0.91,0.31,0.24,0.44,0.98,0.21,0.21,19.99
0.3,0.27,0.92,0.3,0.35,0.48,1.1,0.32,0.29,25.93
0.32,0.27,0.91,0.32,0.3,0.42,1.19,0.35,0.29,20.65
0.31,0.2,0.91,0.33,0.24,0.43,1.53,0.34,0.22,20.78
0.32,0.31,0.91,0.37,0.37,0.48,1.05,0.35,0.34,27.99
0.34,0.55,0.91,0.45,0.35,0.47,0.63,0.38,0.6,38.12
0.35,0.41,0.92,0.4,0.33,0.53,0.86,0.38,0.44,35.04
0.4,0.51,0.92,0.48,0.34,0.41,0.77,0.43,0.56,38.22
0.31,0.42,0.92,0.36,0.32,0.47,0.75,0.34,0.45,34.44
0.23,0.18,0.91,0.24,0.24,0.48,1.24,0.25,0.2,17.35
0.19,0.21,0.91,0.34,0.24,0.47,0.89,0.2,0.23,15.83
0.23,0.19,0.93,0.32,0.31,0.5,1.23,0.25,0.2,22.73
0.34,0.53,0.93,0.44,0.35,0.5,0.65,0.37,0.57,33.37
0.3,0.31,0.91,0.37,0.28,0.48,0.97,0.33,0.34,28.26
0.21,0.22,0.93,0.31,0.21,0.46,0.94,0.23,0.24,15.47
0.25,0.26,0.93,0.32,0.28,0.48,0.98,0.27,0.27,22.38
0.29,0.34,0.93,0.36,0.29,0.49,0.85,0.31,0.37,27.93
0.19,0.2,0.91,0.28,0.24,0.42,0.95,0.2,0.21,18.0
0.28,0.26,0.92,0.27,0.26,0.46,1.11,0.31,0.28,23.51
0.24,0.26,0.93,0.3,0.31,0.44,0.93,0.26,0.28,20.88
0.26,0.38,0.91,0.32,0.32,0.47,0.7,0.29,0.41,29.68
0.33,0.36,0.91,0.36,0.37,0.47,0.9,0.36,0.4,30.05
0.3,0.41,0.91,0.36,0.34,0.47,0.75,0.34,0.45,30.75
0.23,0.2,0.92,0.29,0.26,0.47,1.17,0.25,0.22,18.11
0.28,0.37,0.92,0.32,0.29,0.48,0.75,0.3,0.4,25.29
0.25,0.34,0.93,0.32,0.32,0.47,0.73,0.27,0.37,25.75
0.28,0.33,0.92,0.34,0.26,0.46,0.84,0.3,0.36,27.19
0.28,0.39,0.91,0.38,0.36,0.45,0.73,0.31,0.42,32.44
0.3,0.42,0.93,0.4,0.29,0.46,0.72,0.33,0.45,32.32
0.29,0.4,0.91,0.36,0.32,0.51,0.72,0.32,0.45,29.38
0.34,0.47,0.92,0.46,0.38,0.47,0.73,0.37,0.51,39.04
0.2,0.18,0.93,0.34,0.24,0.46,1.1,0.21,0.19,15.72
0.21,0.23,0.92,0.3,0.24,0.46,0.9,0.23,0.25,17.88
0.22,0.23,0.91,0.26,0.23,0.48,0.96,0.24,0.25,16.33
0.26,0.27,0.93,0.28,0.31,0.47,0.98,0.28,0.28,23.34
0.35,0.42,0.93,0.41,0.32,0.49,0.83,0.38,0.45,34.98
0.34,0.55,0.93,0.38,0.37,0.52,0.61,0.37,0.6,36.34
0.24,0.17,0.91,0.26,0.25,0.43,1.46,0.26,0.18,15.37
0.29,0.4,0.93,0.4,0.33,0.49,0.72,0.31,0.43,28.39
0.28,0.42,0.93,0.39,0.31,0.47,0.68,0.31,0.45,28.58
0.29,0.31,0.91,0.34,0.33,0.48,0.94,0.32,0.34,26.94
0.2,0.15,0.93,0.31,0.24,0.44,1.31,0.21,0.16,15.5
0.16,0.19,0.93,0.24,0.21,0.41,0.83,0.17,0.21,16.33
0.21,0.21,0.92,0.24,0.24,0.46,0.99,0.23,0.23,18.08
0.28,0.29,0.93,0.32,0.28,0.48,0.94,0.3,0.32,26.71
0.27,0.32,0.92,0.35,0.32,0.45,0.85,0.3,0.35,25.41
0.17,0.22,0.93,0.27,0.26,0.47,0.78,0.18,0.23,17.27
0.28,0.3,0.92,0.4,0.29,0.45,0.92,0.3,0.33,23.11
0.28,0.39,0.93,0.43,0.3,0.46,0.71,0.3,0.42,28.52
0.33,0.24,0.92,0.32,0.38,0.44,1.36,0.36,0.26,22.72
0.25,0.18,0.91,0.22,0.24,0.47,1.43,0.27,0.19,16.63
0.26,0.28,0.91,0.36,0.31,0.42,0.95,0.29,0.31,25.61
0.23,0.18,0.91,0.28,0.26,0.43,1.28,0.26,0.2,17.81
0.34,0.46,0.91,0.43,0.33,0.52,0.74,0.37,0.51,35.36
0.29,0.32,0.92,0.35,0.29,0.47,0.92,0.32,0.35,28.22
0.24,0.26,0.93,0.31,0.27,0.42,0.9,0.25,0.28,20.22
0.22,0.23,0.92,0.33,0.28,0.44,0.98,0.24,0.25,18.38
0.19,0.21,0.91,0.25,0.26,0.5,0.89,0.21,0.23,17.13
0.36,0.5,0.91,0.39,0.35,0.5,0.71,0.39,0.55,37.12
0.28,0.24,0.92,0.3,0.3,0.47,1.16,0.3,0.26,24.36
0.32,0.57,0.91,0.44,0.39,0.52,0.57,0.36,0.62,39.82
0.33,0.28,0.92,0.38,0.32,0.44,1.17,0.36,0.31,28.62
0.33,0.32,0.92,0.36,0.38,0.46,1.05,0.36,0.34,28.0
0.24,0.23,0.93,0.35,0.23,0.42,1.03,0.26,0.25,16.67
0.3,0.45,0.93,0.42,0.3,0.48,0.67,0.32,0.48,32.01
0.23,0.28,0.92,0.35,0.26,0.49,0.83,0.25,0.3,23.41
0.28,0.26,0.93,0.33,0.28,0.47,1.07,0.3,0.28,24.25
0.28,0.25,0.91,0.3,0.31,0.48,1.11,0.31,0.28,21.12
0.26,0.41,0.91,0.42,0.33,0.5,0.63,0.28,0.44,32.31
0.25,0.22,0.93,0.36,0.27,0.45,1.13,0.26,0.23,22.95
0.32,0.35,0.93,0.31,0.33,0.5,0.92,0.35,0.38,27.46
0.34,0.48,0.93,0.41,0.33,0.52,0.71,0.37,0.52,33.89
0.31,0.34,0.92,0.35,0.3,0.5,0.92,0.34,0.37,29.3
0.25,0.4,0.91,0.35,0.32,0.42,0.63,0.28,0.44,26.13
0.32,0.51,0.93,0.44,0.31,0.43,0.64,0.35,0.55,33.54
0.26,0.26,0.91,0.36,0.25,0.44,1.0,0.29,0.29,20.86
0.27,0.24,0.93,0.32,0.31,0.46,1.14,0.29,0.26,22.63
0.29,0.23,0.92,0.25,0.33,0.47,1.28,0.32,0.25,17.76
0.23,0.19,0.91,0.31,0.26,0.45,1.21,0.25,0.21,17.51
0.23,0.22,0.92,0.24,0.29,0.44,1.06,0.25,0.24,19.21
0.28,0.37,0.91,0.31,0.25,0.46,0.75,0.3,0.4,23.22
0.22,0.38,0.92,0.41,0.3,0.47,0.57,0.23,0.41,26.71
0.24,0.17,0.92,0.26,0.23,0.45,1.43,0.26,0.18,15.78
0.31,0.47,0.91,0.42,0.31,0.47,0.65,0.34,0.52,34.52
0.3,0.41,0.93,0.35,0.27,0.48,0.74,0.33,0.45,28.68
0.23,0.33,0.91,0.35,0.28,0.46,0.71,0.26,0.36,25.26
0.23,0.26,0.92,0.26,0.26,0.45,0.9,0.25,0.28,18.06
0.31,0.38,0.93,0.39,0.33,0.47,0.82,0.34,0.41,31.05
0.21,0.17,0.93,0.28,0.31,0.43,1.25,0.22,0.18,19.49
0.34,0.51,0.91,0.45,0.36,0.46,0.66,0.37,0.56,38.69
0.27,0.32,0.91,0.3,0.27,0.45,0.84,0.3,0.36,24.07
0.24,0.27,0.91,0.36,0.25,0.43,0.92,0.27,0.29,20.82
0.35,0.32,0.93,0.41,0.37,0.46,1.08,0.37,0.34,28.36
0.33,0.3,0.93,0.34,0.31,0.48,1.1,0.35,0.32,27.11
0.22,0.29,0.92,0.26,0.29,0.49,0.78,0.24,0.31,21.3
0.31,0.34,0.93,0.36,0.33,0.48,0.91,0.33,0.36,29.35
0.25,0.27,0.93,0.32,0.25,0.45,0.95,0.27,0.29,23.19
0.22,0.27,0.91,0.31,0.29,0.45,0.8,0.24,0.3,19.38
0.17,0.15,0.92,0.26,0.27,0.42,1.18,0.19,0.16,15.08
0.27,0.32,0.91,0.38,0.29,0.48,0.83,0.29,0.35,27.49
0.32,0.42,0.91,0.41,0.33,0.52,0.76,0.35,0.46,34.1
0.31,0.39,0.91,0.43,0.29,0.47,0.8,0.34,0.43,30.14
0.23,0.19,0.91,0.27,0.25,0.43,1.19,0.25,0.21,16.67
0.34,0.36,0.91,0.35,0.34,0.49,0.94,0.37,0.39,31.46
0.33,0.44,0.93,0.38,0.37,0.46,0.76,0.36,0.47,33.88
0.29,0.34,0.92,0.37,0.32,0.47,0.84,0.31,0.37,29.14
0.21,0.19,0.92,0.29,0.23,0.46,1.12,0.23,0.2,17.27
0.28,0.39,0.91,0.44,0.31,0.48,0.71,0.31,0.43,28.52
0.33,0.5,0.92,0.4,0.34,0.47,0.67,0.36,0.54,37.84
0.31,0.46,0.92,0.45,0.26,0.46,0.66,0.33,0.51,32.23
0.31,0.22,0.91,0.32,0.3,0.45,1.37,0.34,0.25,20.17
0.35,0.29,0.93,0.36,0.33,0.5,1.22,0.38,0.31,26.59
0.36,0.55,0.92,0.43,0.35,0.5,0.66,0.4,0.6,39.17
0.34,0.45,0.92,0.42,0.34,0.51,0.75,0.37,0.5,34.21
0.26,0.29,0.92,0.33,0.25,0.52,0.89,0.28,0.31,24.36
0.22,0.15,0.92,0.3,0.31,0.44,1.52,0.24,0.16,15.01
0.3,0.19,0.93,0.34,0.31,0.41,1.61,0.33,0.2,21.23
0.21,0.23,0.91,0.33,0.29,0.44,0.92,0.23,0.25,19.74
0.26,0.31,0.91,0.37,0.29,0.49,0.83,0.29,0.34,25.83
0.29,0.24,0.93,0.32,0.31,0.45,1.21,0.31,0.26,22.61
0.32,0.3,0.93,0.3,0.28,0.48,1.07,0.34,0.32,24.55
0.26,0.2,0.91,0.27,0.24,0.46,1.32,0.29,0.22,19.28
0.23,0.18,0.93,0.33,0.28,0.46,1.32,0.25,0.19,19.71
0.32,0.31,0.91,0.35,0.31,0.46,1.01,0.35,0.35,27.81
0.32,0.49,0.92,0.42,0.36,0.52,0.67,0.35,0.53,35.95
0.29,0.39,0.91,0.34,0.29,0.45,0.75,0.32,0.43,30.44
0.23,0.2,0.92,0.29,0.24,0.44,1.12,0.25,0.22,20.0
0.31,0.42,0.92,0.34,0.34,0.46,0.75,0.34,0.45,31.69
0.24,0.41,0.92,0.39,0.28,0.51,0.59,0.26,0.44,25.26
0.3,0.44,0.92,0.39,0.33,0.47,0.69,0.32,0.47,29.77
0.29,0.37,0.93,0.33,0.32,0.47,0.77,0.31,0.4,27.7
0.22,0.3,0.93,0.35,0.28,0.44,0.73,0.23,0.32,21.23
0.19,0.22,0.93,0.31,0.25,0.44,0.85,0.2,0.24,16.12
0.2,0.15,0.92,0.28,0.23,0.46,1.37,0.22,0.16,17.01
0.17,0.15,0.92,0.28,0.21,0.44,1.17,0.19,0.16,15.78
0.27,0.29,0.93,0.36,0.3,0.47,0.92,0.29,0.31,26.04
0.22,0.17,0.93,0.31,0.24,0.48,1.34,0.24,0.18,15.05
0.31,0.4,0.91,0.36,0.31,0.49,0.79,0.35,0.44,29.07
0.26,0.22,0.92,0.31,0.26,0.43,1.2,0.28,0.24,20.69
0.21,0.16,0.91,0.28,0.22,0.44,1.28,0.23,0.18,17.33
0.26,0.42,0.93,0.36,0.29,0.5,0.63,0.28,0.45,26.83
0.3,0.29,0.92,0.41,0.29,0.45,1.04,0.33,0.31,25.5
0.35,0.45,0.92,0.36,0.35,0.53,0.78,0.39,0.49,35.54
0.36,0.54,0.91,0.43,0.37,0.51,0.67,0.4,0.6,38.05
0.38,0.28,0.91,0.35,0.33,0.45,1.34,0.41,0.31,26.2
0.28,0.37,0.91,0.38,0.28,0.47,0.75,0.31,0.41,27.41
0.32,0.23,0.93,0.34,0.27,0.44,1.37,0.34,0.25,23.39
0.21,0.15,0.92,0.26,0.23,0.45,1.44,0.23,0.16,15.27
0.22,0.16,0.91,0.3,0.25,0.45,1.41,0.24,0.17,17.36
0.21,0.22,0.92,0.3,0.25,0.45,0.97,0.23,0.24,16.07
0.19,0.16,0.93,0.29,0.25,0.44,1.17,0.2,0.17,15.11
0.33,0.44,0.91,0.37,0.3,0.47,0.75,0.36,0.48,30.27
0.26,0.25,0.91,0.39,0.3,0.52,1.01,0.28,0.28,25.19
0.26,0.15,0.92,0.27,0.28,0.44,1.77,0.28,0.16,16.27
0.35,0.21,0.92,0.34,0.31,0.49,1.64,0.38,0.23,23.73
0.22,0.15,0.92,0.28,0.23,0.44,1.48,0.24,0.16,15.9
0.3,0.28,0.92,0.34,0.26,0.45,1.04,0.32,0.31,25.76
0.37,0.48,0.93,0.4,0.33,0.52,0.78,0.4,0.52,36.67
0.23,0.18,0.92,0.27,0.26,0.46,1.32,0.26,0.19,16.42
0.25,0.24,0.93,0.33,0.28,0.47,1.02,0.27,0.26,22.51
0.27,0.19,0.93,0.29,0.27,0.45,1.46,0.29,0.2,15.6
0.3,0.37,0.93,0.37,0.31,0.53,0.81,0.32,0.39,31.97
0.24,0.23,0.91,0.32,0.27,0.47,1.04,0.26,0.25,20.17
0.33,0.51,0.92,0.47,0.37,0.5,0.65,0.36,0.56,38.11
0.22,0.23,0.93,0.29,0.26,0.46,0.94,0.24,0.25,16.77
0.27,0.45,0.91,0.38,0.32,0.46,0.61,0.3,0.5,31.73
0.15,0.17,0.92,0.28,0.27,0.41,0.89,0.17,0.18,16.04
0.31,0.49,0.93,0.42,0.32,0.48,0.64,0.34,0.53,30.6
0.41,0.49,0.91,0.43,0.35,0.47,0.84,0.45,0.54,39.88
0.27,0.25,0.92,0.39,0.27,0.47,1.07,0.29,0.27,24.45
0.27,0.38,0.92,0.36,0.29,0.52,0.69,0.29,0.42,28.34
0.23,0.18,0.92,0.27,0.24,0.48,1.27,0.25,0.2,15.72
0.18,0.17,0.91,0.24,0.23,0.44,1.11,0.2,0.18,15.28
0.26,0.29,0.93,0.29,0.27,0.48,0.89,0.28,0.32,21.07
0.23,0.24,0.93,0.32,0.26,0.47,0.93,0.24,0.26,18.81
0.25,0.26,0.91,0.37,0.29,0.47,0.97,0.27,0.28,25.73
0.22,0.15,0.93,0.27,0.22,0.44,1.48,0.24,0.16,15.31
0.43,0.49,0.93,0.43,0.35,0.47,0.87,0.46,0.53,38.93
0.19,0.18,0.91,0.3,0.26,0.45,1.08,0.21,0.2,17.32
0.19,0.24,0.91,0.31,0.25,0.45,0.8,0.21,0.26,22.58
0.26,0.36,0.92,0.33,0.32,0.48,0.72,0.28,0.4,27.9
0.25,0.34,0.91,0.3,0.25,0.48,0.72,0.27,0.38,21.28
0.34,0.51,0.91,0.47,0.37,0.47,0.67,0.38,0.56,38.24
0.35,0.5,0.93,0.45,0.34,0.5,0.7,0.37,0.53,36.36
0.28,0.23,0.93,0.37,0.32,0.45,1.22,0.3,0.24,23.18
0.29,0.39,0.91,0.32,0.31,0.46,0.73,0.31,0.43,29.38
0.34,0.32,0.92,0.32,0.37,0.49,1.06,0.37,0.35,28.18
0.19,0.22,0.93,0.3,0.25,0.48,0.88,0.21,0.23,15.41
0.31,0.34,0.93,0.36,0.32,0.45,0.92,0.33,0.36,23.77
0.29,0.18,0.93,0.3,0.28,0.5,1.59,0.31,0.19,17.51
0.25,0.23,0.93,0.29,0.25,0.46,1.12,0.27,0.24,19.76
0.33,0.45,0.93,0.48,0.28,0.48,0.73,0.35,0.48,33.51
0.31,0.58,0.92,0.4,0.35,0.52,0.54,0.34,0.63,36.54
0.3,0.15,0.91,0.29,0.27,0.44,2.03,0.32,0.16,15.25
0.25,0.27,0.92,0.27,0.27,0.49,0.93,0.28,0.3,19.96
0.3,0.18,0.91,0.25,0.25,0.47,1.65,0.33,0.2,18.04
0.4,0.32,0.93,0.31,0.3,0.48,1.25,0.43,0.34,27.01
0.19,0.22,0.93,0.3,0.27,0.49,0.9,0.21,0.23,18.08
0.21,0.17,0.93,0.29,0.25,0.47,1.28,0.23,0.18,16.35
0.28,0.44,0.93,0.42,0.31,0.47,0.64,0.31,0.48,33.71
0.35,0.43,0.93,0.36,0.36,0.51,0.81,0.37,0.46,34.07
0.27,0.29,0.92,0.36,0.25,0.44,0.9,0.29,0.32,25.79
0.21,0.21,0.92,0.32,0.24,0.45,1.0,0.23,0.23,18.01
0.29,0.49,0.92,0.47,0.32,0.47,0.58,0.31,0.54,36.11
0.21,0.17,0.93,0.25,0.26,0.45,1.22,0.22,0.18,18.35
0.22,0.15,0.93,0.22,0.24,0.48,1.49,0.24,0.16,15.88
0.22,0.2,0.91,0.25,0.25,0.45,1.14,0.24,0.21,17.22
0.35,0.54,0.92,0.41,0.34,0.45,0.64,0.38,0.58,34.57
0.25,0.21,0.91,0.33,0.29,0.44,1.2,0.28,0.23,19.92
0.37,0.53,0.93,0.45,0.36,0.47,0.7,0.4,0.57,39.67
0.26,0.41,0.93,0.38,0.28,0.46,0.63,0.28,0.44,26.71
0.24,0.27,0.91,0.29,0.27,0.45,0.9,0.27,0.29,20.4
0.22,0.2,0.91,0.25,0.22,0.43,1.1,0.24,0.22,16.3
0.28,0.17,0.92,0.3,0.29,0.44,1.61,0.3,0.19,16.84
0.24,0.23,0.93,0.3,0.27,0.45,1.06,0.26,0.25,21.01
0.28,0.35,0.91,0.36,0.29,0.46,0.81,0.31,0.38,27.81
0.29,0.34,0.92,0.33,0.3,0.48,0.86,0.32,0.37,28.91
0.29,0.35,0.93,0.39,0.29,0.44,0.84,0.32,0.38,27.64
0.3,0.37,0.91,0.35,0.35,0.47,0.8,0.33,0.41,29.89
0.26,0.22,0.93,0.26,0.27,0.45,1.19,0.28,0.24,15.85
0.36,0.55,0.92,0.45,0.37,0.5,0.66,0.39,0.59,39.26
0.2,0.18,0.91,0.26,0.22,0.47,1.16,0.22,0.19,16.96
0.33,0.44,0.91,0.38,0.35,0.48,0.75,0.36,0.49,33.24
0.26,0.27,0.93,0.3,0.32,0.48,0.96,0.28,0.29,24.34
0.23,0.17,0.93,0.29,0.27,0.45,1.35,0.25,0.18,16.25
0.35,0.37,0.91,0.38,0.33,0.51,0.95,0.39,0.41,28.88
0.26,0.21,0.92,0.35,0.23,0.44,1.26,0.28,0.23,20.62
0.22,0.25,0.91,0.32,0.26,0.49,0.87,0.24,0.28,19.65
0.17,0.24,0.93,0.32,0.23,0.45,0.71,0.18,0.26,17.11
0.21,0.19,0.93,0.32,0.27,0.44,1.13,0.23,0.2,19.18
0.26,0.2,0.93,0.27,0.27,0.46,1.3,0.28,0.21,16.51
0.28,0.33,0.92,0.34,0.32,0.44,0.84,0.3,0.36,27.37
0.24,0.29,0.92,0.33,0.27,0.45,0.81,0.26,0.32,20.25
0.29,0.15,0.91,0.27,0.27,0.46,1.99,0.32,0.16,16.27
0.22,0.17,0.93,0.31,0.24,0.46,1.3,0.24,0.19,17.96
0.34,0.35,0.91,0.35,0.35,0.47,0.96,0.37,0.39,29.37
0.25,0.21,0.92,0.29,0.27,0.48,1.18,0.27,0.23,21.31
0.29,0.24,0.92,0.34,0.29,0.44,1.21,0.31,0.26,20.74
0.25,0.22,0.91,0.32,0.25,0.42,1.12,0.27,0.24,19.8
0.23,0.19,0.91,0.29,0.23,0.43,1.23,0.25,0.2,17.46
0.3,0.34,0.93,0.4,0.29,0.47,0.87,0.32,0.37,28.16
0.24,0.19,0.92,0.3,0.28,0.46,1.23,0.26,0.21,15.41
0.21,0.15,0.91,0.26,0.27,0.46,1.47,0.23,0.16,16.67
0.25,0.34,0.91,0.3,0.32,0.48,0.72,0.27,0.38,25.41
0.29,0.15,0.92,0.27,0.28,0.47,1.96,0.32,0.16,15.99
0.29,0.34,0.92,0.38,0.31,0.51,0.85,0.32,0.37,27.58
0.19,0.18,0.93,0.3,0.23,0.43,1.04,0.2,0.19,18.14
0.31,0.41,0.93,0.31,0.36,0.48,0.76,0.33,0.43,32.08
0.24,0.27,0.91,0.32,0.3,0.49,0.88,0.27,0.3,23.38
0.32,0.43,0.92,0.38,0.33,0.47,0.73,0.34,0.47,32.46
0.28,0.38,0.92,0.4,0.32,0.43,0.72,0.3,0.42,27.62
0.26,0.22,0.93,0.29,0.27,0.45,1.16,0.27,0.24,18.77
0.33,0.55,0.91,0.42,0.34,0.47,0.6,0.36,0.6,36.31
0.29,0.41,0.93,0.43,0.33,0.49,0.71,0.31,0.44,34.9
0.29,0.29,0.93,0.35,0.29,0.47,1.01,0.31,0.31,25.51
0.27,0.32,0.92,0.36,0.25,0.48,0.84,0.29,0.35,22.93
0.33,0.45,0.92,0.39,0.31,0.46,0.72,0.35,0.49,33.34
0.23,0.21,0.91,0.3,0.24,0.46,1.07,0.25,0.23,16.85
0.42,0.44,0.92,0.4,0.38,0.5,0.95,0.46,0.48,38.73
0.22,0.19,0.92,0.33,0.28,0.49,1.16,0.24,0.2,21.06
0.24,0.37,0.91,0.36,0.32,0.48,0.65,0.27,0.41,30.86
0.24,0.25,0.91,0.32,0.27,0.45,0.98,0.27,0.27,21.1
0.23,0.21,0.93,0.29,0.28,0.44,1.11,0.25,0.22,19.55
0.23,0.23,0.93,0.33,0.26,0.45,1.01,0.25,0.25,21.31
0.2,0.17,0.92,0.27,0.24,0.46,1.17,0.22,0.19,17.82
0.23,0.17,0.91,0.3,0.27,0.42,1.34,0.25,0.19,15.77
0.3,0.26,0.91,0.3,0.28,0.44,1.17,0.33,0.28,20.16
0.19,0.22,0.93,0.29,0.27,0.41,0.9,0.21,0.23,19.45
0.24,0.24,0.93,0.31,0.24,0.46,1.0,0.26,0.26,19.89
0.27,0.36,0.91,0.34,0.27,0.45,0.77,0.3,0.39,29.05
0.31,0.39,0.91,0.32,0.3,0.46,0.79,0.34,0.43,30.75
0.26,0.17,0.91,0.28,0.24,0.44,1.54,0.29,0.19,17.7
0.32,0.52,0.93,0.43,0.34,0.47,0.62,0.34,0.55,37.43
0.26,0.28,0.93,0.3,0.31,0.51,0.95,0.28,0.3,25.42
0.26,0.3,0.92,0.28,0.25,0.46,0.89,0.29,0.32,25.14
0.39,0.3,0.92,0.33,0.34,0.45,1.31,0.42,0.32,28.52
0.36,0.38,0.93,0.36,0.34,0.49,0.95,0.38,0.4,28.01
0.22,0.19,0.92,0.27,0.25,0.45,1.16,0.24,0.21,16.74
0.19,0.15,0.91,0.31,0.22,0.49,1.29,0.21,0.17,15.67
0.26,0.32,0.92,0.35,0.28,0.46,0.8,0.28,0.35,25.38
0.27,0.19,0.91,0.29,0.26,0.45,1.44,0.29,0.2,15.18
0.37,0.39,0.91,0.38,0.38,0.48,0.96,0.41,0.43,35.6
0.28,0.44,0.91,0.4,0.34,0.45,0.64,0.31,0.48,32.33
0.25,0.29,0.92,0.35,0.3,0.49,0.87,0.27,0.31,24.85
0.32,0.39,0.91,0.4,0.31,0.45,0.83,0.35,0.42,31.81
0.24,0.16,0.92,0.25,0.29,0.47,1.48,0.26,0.17,15.81
0.28,0.33,0.92,0.36,0.3,0.48,0.85,0.31,0.36,28.22
0.21,0.24,0.92,0.36,0.29,0.48,0.86,0.23,0.27,19.05
0.28,0.31,0.92,0.34,0.28,0.51,0.89,0.3,0.34,25.89
0.2,0.19,0.92,0.34,0.24,0.45,1.01,0.21,0.21,18.33
0.3,0.15,0.91,0.28,0.27,0.42,2.09,0.33,0.16,18.1
0.33,0.43,0.91,0.42,0.31,0.51,0.76,0.36,0.48,33.8
0.24,0.19,0.93,0.3,0.3,0.46,1.29,0.26,0.2,19.34
0.26,0.4,0.91,0.4,0.26,0.49,0.65,0.28,0.44,26.33
0.2,0.19,0.92,0.32,0.23,0.44,1.05,0.22,0.21,17.61
0.26,0.34,0.93,0.38,0.32,0.49,0.77,0.28,0.36,26.18
0.25,0.35,0.93,0.35,0.33,0.48,0.72,0.27,0.38,25.85
0.31,0.35,0.91,0.42,0.29,0.45,0.89,0.34,0.39,30.1
0.18,0.15,0.91,0.28,0.23,0.46,1.26,0.2,0.16,16.82
0.26,0.3,0.93,0.38,0.28,0.46,0.88,0.28,0.32,22.01
0.24,0.2,0.93,0.26,0.24,0.43,1.22,0.26,0.21,19.16
0.33,0.4,0.91,0.38,0.21,0.51,0.82,0.36,0.45,27.0
0.24,0.22,0.92,0.34,0.25,0.46,1.09,0.26,0.24,17.9
0.34,0.49,0.93,0.41,0.37,0.52,0.7,0.36,0.52,35.35
0.33,0.49,0.91,0.4,0.26,0.49,0.68,0.37,0.54,31.23
0.3,0.26,0.93,0.37,0.3,0.43,1.12,0.32,0.28,25.42
0.34,0.43,0.91,0.38,0.33,0.46,0.79,0.37,0.47,37.03
0.22,0.22,0.93,0.31,0.26,0.49,1.0,0.24,0.24,20.97
0.26,0.26,0.93,0.34,0.33,0.5,1.03,0.28,0.28,21.17
0.25,0.29,0.92,0.36,0.24,0.45,0.89,0.28,0.31,20.74
0.24,0.19,0.93,0.32,0.23,0.47,1.27,0.26,0.21,16.32
0.33,0.38,0.93,0.37,0.3,0.48,0.87,0.35,0.41,27.11
0.34,0.52,0.93,0.4,0.37,0.46,0.66,0.37,0.56,39.1
0.35,0.54,0.93,0.46,0.33,0.45,0.66,0.38,0.58,37.27
0.25,0.2,0.91,0.32,0.25,0.44,1.24,0.28,0.22,19.93
0.29,0.3,0.93,0.37,0.3,0.5,0.96,0.31,0.32,24.58
0.32,0.36,0.92,0.39,0.38,0.43,0.88,0.35,0.39,31.51
0.22,0.25,0.92,0.28,0.27,0.51,0.89,0.24,0.27,22.02
0.27,0.33,0.91,0.34,0.32,0.44,0.81,0.29,0.36,24.83
0.25,0.17,0.93,0.29,0.27,0.5,1.48,0.27,0.18,20.28
0.33,0.51,0.92,0.43,0.37,0.5,0.64,0.36,0.55,38.21
0.25,0.27,0.93,0.31,0.26,0.46,0.92,0.27,0.3,20.92
0.27,0.3,0.93,0.37,0.3,0.49,0.9,0.29,0.32,24.49
0.35,0.49,0.93,0.46,0.36,0.51,0.71,0.37,0.53,39.13
0.28,0.16,0.91,0.28,0.28,0.41,1.79,0.31,0.17,15.61
0.24,0.19,0.93,0.32,0.23,0.4,1.29,0.26,0.2,18.87
0.21,0.17,0.91,0.33,0.23,0.43,1.22,0.23,0.19,18.11
0.28,0.35,0.92,0.35,0.32,0.48,0.8,0.31,0.38,31.23
0.3,0.38,0.93,0.41,0.3,0.51,0.79,0.33,0.41,32.23
0.34,0.51,0.91,0.43,0.34,0.49,0.67,0.38,0.56,39.59
0.3,0.41,0.92,0.36,0.28,0.51,0.72,0.32,0.45,27.33
0.24,0.27,0.92,0.33,0.27,0.46,0.89,0.26,0.29,20.97
0.36,0.51,0.91,0.4,0.35,0.46,0.7,0.39,0.56,38.6
0.32,0.32,0.91,0.31,0.32,0.41,0.98,0.35,0.35,26.77
0.23,0.24,0.92,0.31,0.28,0.43,0.94,0.25,0.26,20.71
0.33,0.54,0.93,0.43,0.34,0.51,0.61,0.35,0.58,36.69
0.34,0.36,0.93,0.33,0.32,0.5,0.94,0.37,0.39,31.42
0.29,0.4,0.91,0.41,0.31,0.47,0.73,0.32,0.44,30.27
0.4,0.46,0.92,0.45,0.4,0.46,0.88,0.44,0.5,36.47
0.29,0.36,0.91,0.36,0.33,0.44,0.8,0.32,0.4,31.73
0.27,0.27,0.92,0.35,0.26,0.47,0.99,0.29,0.3,25.14
0.36,0.51,0.92,0.44,0.38,0.49,0.7,0.39,0.55,38.07
0.3,0.38,0.91,0.36,0.29,0.47,0.79,0.33,0.42,27.08
0.29,0.42,0.92,0.36,0.36,0.46,0.69,0.32,0.45,31.21
0.25,0.2,0.93,0.29,0.28,0.45,1.23,0.27,0.22,17.84
0.16,0.16,0.91,0.25,0.26,0.42,1.0,0.18,0.18,15.6
0.26,0.33,0.91,0.35,0.29,0.47,0.77,0.28,0.37,23.97
0.25,0.25,0.93,0.29,0.27,0.46,1.0,0.27,0.27,21.44
0.28,0.35,0.93,0.37,0.29,0.49,0.78,0.3,0.38,27.49
0.26,0.25,0.92,0.28,0.31,0.46,1.03,0.28,0.27,21.14
0.18,0.15,0.91,0.3,0.25,0.46,1.22,0.2,0.16,17.1
0.26,0.34,0.92,0.33,0.27,0.45,0.78,0.29,0.37,26.1
0.27,0.31,0.91,0.35,0.26,0.42,0.88,0.29,0.33,24.35
0.21,0.2,0.92,0.34,0.25,0.43,1.03,0.23,0.22,18.24
0.21,0.24,0.92,0.3,0.25,0.46,0.91,0.23,0.26,19.11
0.32,0.42,0.91,0.36,0.33,0.47,0.77,0.35,0.46,30.2
0.19,0.21,0.92,0.35,0.27,0.39,0.91,0.21,0.23,17.09
0.26,0.24,0.92,0.33,0.26,0.44,1.07,0.28,0.26,20.54
0.31,0.43,0.93,0.36,0.31,0.47,0.73,0.34,0.46,31.87
0.31,0.48,0.92,0.5,0.39,0.51,0.64,0.34,0.52,36.06
0.41,0.43,0.92,0.44,0.38,0.49,0.94,0.44,0.47,39.44
0.35,0.51,0.92,0.44,0.35,0.48,0.68,0.38,0.56,33.98
0.19,0.16,0.93,0.3,0.22,0.45,1.17,0.21,0.18,16.43
0.38,0.26,0.93,0.4,0.32,0.46,1.45,0.41,0.28,26.84
0.29,0.43,0.93,0.39,0.33,0.5,0.68,0.31,0.46,32.29
0.28,0.43,0.93,0.33,0.33,0.45,0.66,0.31,0.47,28.32
0.27,0.33,0.93,0.32,0.27,0.47,0.8,0.29,0.36,25.96
0.3,0.5,0.91,0.43,0.32,0.47,0.61,0.34,0.55,35.97
0.38,0.48,0.93,0.39,0.3,0.44,0.78,0.41,0.52,34.48
0.31,0.41,0.91,0.38,0.3,0.49,0.75,0.34,0.45,34.31
0.33,0.45,0.91,0.43,0.34,0.49,0.73,0.36,0.5,38.71
0.24,0.35,0.93,0.27,0.31,0.5,0.7,0.26,0.37,25.24
0.28,0.33,0.93,0.38,0.32,0.48,0.83,0.3,0.36,26.12
0.28,0.26,0.91,0.38,0.31,0.47,1.07,0.3,0.28,24.37
0.3,0.19,0.91,0.28,0.25,0.45,1.64,0.34,0.21,18.15
0.3,0.4,0.91,0.34,0.31,0.43,0.77,0.33,0.44,30.9
0.25,0.24,0.91,0.31,0.31,0.53,1.07,0.28,0.26,24.07
0.31,0.49,0.91,0.44,0.3,0.5,0.63,0.34,0.54,35.85
0.21,0.19,0.93,0.34,0.22,0.47,1.07,0.22,0.21,18.0
0.21,0.15,0.93,0.25,0.29,0.45,1.42,0.23,0.16,15.38
0.27,0.33,0.91,0.36,0.31,0.47,0.82,0.3,0.36,27.28
0.31,0.44,0.92,0.41,0.33,0.49,0.7,0.33,0.47,31.87
0.24,0.2,0.91,0.31,0.24,0.49,1.2,0.27,0.22,21.22
0.27,0.36,0.93,0.39,0.34,0.45,0.75,0.29,0.39,28.17
0.18,0.17,0.92,0.31,0.21,0.51,1.03,0.2,0.19,17.66
0.35,0.52,0.93,0.41,0.37,0.53,0.67,0.37,0.56,39.48
0.17,0.17,0.93,0.28,0.26,0.46,0.97,0.18,0.19,16.35
0.28,0.26,0.93,0.28,0.26,0.45,1.09,0.3,0.28,22.91
0.19,0.2,0.92,0.31,0.23,0.44,0.93,0.21,0.22,17.26
0.24,0.27,0.91,0.35,0.28,0.48,0.9,0.27,0.3,22.42
0.25,0.23,0.93,0.32,0.24,0.45,1.06,0.26,0.25,21.75
0.3,0.4,0.92,0.41,0.32,0.47,0.76,0.33,0.43,26.35
0.27,0.33,0.93,0.4,0.27,0.47,0.81,0.29,0.36,27.57
0.33,0.21,0.91,0.31,0.33,0.46,1.55,0.36,0.23,20.31
0.25,0.37,0.92,0.4,0.34,0.48,0.67,0.27,0.4,25.73
0.25,0.24,0.93,0.26,0.26,0.44,1.02,0.26,0.26,19.72
0.33,0.41,0.91,0.36,0.32,0.46,0.8,0.36,0.45,28.92
0.27,0.19,0.93,0.27,0.23,0.41,1.45,0.29,0.2,16.33
0.36,0.55,0.91,0.41,0.34,0.46,0.65,0.39,0.6,38.8
0.26,0.25,0.92,0.29,0.28,0.51,1.03,0.28,0.28,23.19
0.24,0.21,0.92,0.32,0.26,0.47,1.15,0.26,0.22,18.4
0.24,0.27,0.93,0.33,0.29,0.47,0.87,0.26,0.3,24.39
0.25,0.33,0.93,0.31,0.25,0.46,0.78,0.27,0.35,24.66
0.17,0.15,0.91,0.29,0.26,0.45,1.14,0.18,0.16,15.25
0.33,0.46,0.93,0.4,0.36,0.5,0.73,0.36,0.49,36.07
0.35,0.52,0.91,0.42,0.33,0.49,0.69,0.39,0.56,37.58
0.32,0.4,0.91,0.35,0.34,0.46,0.8,0.35,0.43,31.76
0.3,0.37,0.91,0.36,0.27,0.46,0.82,0.33,0.4,29.18
0.27,0.2,0.92,0.28,0.29,0.46,1.33,0.29,0.22,17.33
0.28,0.43,0.93,0.39,0.36,0.46,0.67,0.31,0.46,29.16
0.19,0.2,0.93,0.31,0.27,0.45,0.95,0.21,0.22,17.56
0.28,0.35,0.91,0.36,0.29,0.47,0.8,0.31,0.39,28.27
0.23,0.18,0.93,0.3,0.24,0.47,1.29,0.25,0.19,17.44
0.2,0.27,0.91,0.37,0.28,0.44,0.75,0.22,0.29,20.99
0.34,0.25,0.93,0.37,0.32,0.45,1.35,0.36,0.27,24.39
0.29,0.43,0.91,0.38,0.34,0.46,0.67,0.32,0.47,29.57
0.24,0.2,0.92,0.28,0.26,0.43,1.24,0.26,0.21,16.99
0.32,0.44,0.92,0.45,0.34,0.52,0.73,0.35,0.48,32.99
0.24,0.28,0.93,0.28,0.25,0.47,0.86,0.26,0.3,21.51
0.21,0.19,0.91,0.3,0.28,0.45,1.14,0.23,0.2,16.42
0.25,0.35,0.93,0.3,0.27,0.46,0.71,0.27,0.38,25.04
0.22,0.18,0.91,0.29,0.27,0.48,1.26,0.24,0.19,17.07
0.22,0.19,0.91,0.3,0.24,0.46,1.15,0.24,0.21,17.39
0.29,0.47,0.93,0.37,0.31,0.48,0.61,0.31,0.51,30.32
0.25,0.36,0.93,0.36,0.28,0.47,0.7,0.27,0.39,25.62
0.27,0.3,0.91,0.35,0.26,0.48,0.9,0.3,0.33,22.05
0.33,0.46,0.91,0.39,0.31,0.47,0.71,0.36,0.5,33.94
0.24,0.2,0.92,0.28,0.31,0.44,1.19,0.26,0.22,17.45
0.25,0.24,0.93,0.35,0.28,0.47,1.05,0.27,0.26,20.65
0.2,0.22,0.91,0.3,0.27,0.43,0.91,0.22,0.25,21.36
0.31,0.44,0.93,0.36,0.38,0.54,0.71,0.34,0.47,32.55
0.27,0.28,0.93,0.37,0.31,0.48,0.95,0.29,0.3,25.2
0.32,0.35,0.91,0.37,0.33,0.47,0.91,0.35,0.39,29.59
0.31,0.16,0.92,0.35,0.28,0.49,1.91,0.34,0.18,18.13
0.25,0.2,0.93,0.28,0.26,0.47,1.23,0.27,0.22,19.44
0.3,0.35,0.91,0.34,0.26,0.46,0.85,0.33,0.39,27.36
0.35,0.23,0.91,0.34,0.35,0.46,1.49,0.39,0.26,25.11
0.36,0.46,0.92,0.45,0.34,0.52,0.78,0.39,0.5,36.47
0.23,0.22,0.92,0.28,0.27,0.43,1.03,0.25,0.24,17.8
0.27,0.29,0.93,0.32,0.27,0.49,0.94,0.29,0.31,24.28
0.23,0.18,0.92,0.27,0.24,0.42,1.3,0.25,0.19,15.03
0.18,0.18,0.91,0.26,0.24,0.43,1.0,0.19,0.19,15.86
0.22,0.22,0.93,0.31,0.25,0.43,1.02,0.24,0.24,16.56
0.3,0.38,0.91,0.35,0.31,0.47,0.8,0.33,0.42,30.65
0.25,0.18,0.92,0.36,0.29,0.45,1.33,0.27,0.2,18.1
0.33,0.24,0.92,0.3,0.31,0.43,1.41,0.36,0.26,21.06
0.22,0.15,0.92,0.32,0.24,0.46,1.47,0.24,0.16,16.28
0.22,0.2,0.93,0.33,0.31,0.46,1.12,0.24,0.21,21.0
0.32,0.41,0.91,0.36,0.32,0.44,0.78,0.35,0.44,31.29
0.21,0.21,0.93,0.32,0.27,0.46,1.0,0.22,0.23,17.12
0.36,0.41,0.92,0.4,0.38,0.48,0.88,0.39,0.44,33.72
0.32,0.45,0.93,0.41,0.25,0.49,0.71,0.35,0.49,33.12
0.29,0.31,0.91,0.36,0.27,0.47,0.93,0.31,0.34,26.94
0.27,0.34,0.92,0.39,0.28,0.47,0.79,0.29,0.37,28.38
0.36,0.3,0.91,0.35,0.36,0.49,1.22,0.4,0.33,29.74
0.22,0.21,0.91,0.3,0.28,0.48,1.06,0.24,0.23,18.25
0.24,0.17,0.93,0.31,0.25,0.47,1.37,0.25,0.19,17.15
0.35,0.37,0.92,0.44,0.34,0.48,0.93,0.38,0.41,32.12
0.24,0.33,0.92,0.34,0.32,0.47,0.72,0.26,0.36,25.08
0.35,0.5,0.92,0.44,0.31,0.46,0.7,0.38,0.55,36.72
0.33,0.41,0.92,0.4,0.3,0.46,0.79,0.35,0.45,33.43
0.2,0.15,0.91,0.28,0.25,0.41,1.36,0.22,0.16,15.03
0.24,0.28,0.93,0.33,0.3,0.48,0.86,0.25,0.3,23.77
0.39,0.43,0.93,0.39,0.38,0.48,0.9,0.42,0.47,36.7
0.26,0.41,0.93,0.33,0.26,0.49,0.64,0.28,0.44,26.19
0.21,0.15,0.92,0.34,0.26,0.46,1.45,0.23,0.16,18.77
0.22,0.19,0.91,0.24,0.27,0.47,1.16,0.24,0.21,16.61
0.34,0.4,0.92,0.33,0.29,0.51,0.85,0.37,0.43,31.49
0.29,0.22,0.92,0.33,0.29,0.46,1.29,0.32,0.24,23.72
0.31,0.42,0.93,0.34,0.29,0.45,0.73,0.34,0.46,31.0
0.32,0.4,0.93,0.37,0.37,0.47,0.79,0.34,0.43,32.81
0.25,0.26,0.91,0.28,0.24,0.45,0.98,0.28,0.28,19.46
0.29,0.35,0.91,0.36,0.34,0.46,0.82,0.32,0.39,28.41
0.28,0.19,0.91,0.29,0.28,0.48,1.5,0.31,0.21,18.31
0.24,0.33,0.92,0.32,0.25,0.48,0.73,0.27,0.36,25.69
0.27,0.25,0.91,0.32,0.29,0.41,1.09,0.3,0.27,21.71
0.31,0.55,0.91,0.37,0.34,0.5,0.57,0.34,0.61,36.35
0.26,0.28,0.93,0.4,0.33,0.48,0.95,0.28,0.3,26.37
0.25,0.17,0.93,0.31,0.23,0.44,1.43,0.27,0.19,15.33
0.44,0.45,0.93,0.38,0.4,0.5,0.97,0.47,0.49,38.88
0.33,0.3,0.93,0.34,0.29,0.48,1.1,0.36,0.32,23.84
0.3,0.28,0.93,0.35,0.26,0.49,1.04,0.32,0.3,21.29
0.24,0.3,0.93,0.35,0.24,0.52,0.82,0.26,0.32,24.81
0.34,0.31,0.92,0.4,0.33,0.45,1.11,0.37,0.33,28.16
0.35,0.32,0.92,0.36,0.34,0.48,1.1,0.38,0.34,30.25
0.31,0.31,0.93,0.37,0.3,0.48,0.97,0.33,0.34,27.4
0.26,0.15,0.93,0.27,0.28,0.46,1.74,0.28,0.16,17.44
0.2,0.19,0.93,0.32,0.25,0.46,1.07,0.22,0.21,15.77
0.3,0.38,0.91,0.33,0.35,0.47,0.81,0.33,0.41,29.0
0.24,0.38,0.92,0.36,0.29,0.47,0.63,0.26,0.41,23.47
0.36,0.54,0.93,0.48,0.41,0.52,0.67,0.38,0.57,39.82
0.29,0.35,0.93,0.41,0.35,0.47,0.83,0.31,0.37,26.89
0.22,0.2,0.93,0.29,0.3,0.47,1.06,0.23,0.22,19.81
0.23,0.23,0.92,0.26,0.31,0.45,1.0,0.24,0.24,19.7
0.29,0.33,0.91,0.33,0.28,0.47,0.89,0.32,0.36,28.76
0.43,0.47,0.92,0.41,0.41,0.48,0.92,0.47,0.51,39.22
0.37,0.56,0.93,0.49,0.38,0.51,0.66,0.4,0.6,39.51
0.35,0.46,0.91,0.42,0.32,0.47,0.76,0.38,0.5,34.36
0.26,0.33,0.93,0.37,0.29,0.49,0.79,0.28,0.35,27.25
0.28,0.34,0.92,0.35,0.29,0.44,0.82,0.31,0.37,28.32
0.33,0.34,0.91,0.35,0.29,0.47,0.95,0.36,0.38,28.23
0.31,0.31,0.91,0.39,0.31,0.43,1.0,0.34,0.34,28.68
0.38,0.48,0.92,0.42,0.33,0.54,0.78,0.41,0.52,39.52
0.18,0.18,0.93,0.36,0.21,0.49,0.99,0.19,0.19,17.35
0.22,0.19,0.92,0.29,0.24,0.45,1.15,0.24,0.21,18.13
0.3,0.38,0.92,0.37,0.3,0.46,0.77,0.32,0.42,26.8
0.23,0.17,0.91,0.25,0.26,0.5,1.34,0.25,0.19,19.3
0.26,0.27,0.92,0.35,0.28,0.48,0.94,0.28,0.3,23.52
0.29,0.33,0.93,0.39,0.25,0.5,0.88,0.31,0.35,27.28
0.36,0.54,0.91,0.41,0.33,0.54,0.66,0.39,0.59,37.34
0.22,0.17,0.93,0.24,0.23,0.43,1.28,0.23,0.18,15.8
0.17,0.19,0.93,0.31,0.3,0.44,0.93,0.19,0.2,20.94
0.28,0.27,0.93,0.29,0.29,0.45,1.03,0.3,0.29,25.45
